-- MySQL dump 10.13  Distrib 5.1.41, for Win32 (ia32)
--
-- Host: localhost    Database: dataweb
-- ------------------------------------------------------
-- Server version	5.1.41

/*!40101 SET @OLD_CHARACTER_SET_CLIENT=@@CHARACTER_SET_CLIENT */;
/*!40101 SET @OLD_CHARACTER_SET_RESULTS=@@CHARACTER_SET_RESULTS */;
/*!40101 SET @OLD_COLLATION_CONNECTION=@@COLLATION_CONNECTION */;
/*!40101 SET NAMES utf8 */;
/*!40103 SET @OLD_TIME_ZONE=@@TIME_ZONE */;
/*!40103 SET TIME_ZONE='+00:00' */;
/*!40014 SET @OLD_UNIQUE_CHECKS=@@UNIQUE_CHECKS, UNIQUE_CHECKS=0 */;
/*!40014 SET @OLD_FOREIGN_KEY_CHECKS=@@FOREIGN_KEY_CHECKS, FOREIGN_KEY_CHECKS=0 */;
/*!40101 SET @OLD_SQL_MODE=@@SQL_MODE, SQL_MODE='NO_AUTO_VALUE_ON_ZERO' */;
/*!40111 SET @OLD_SQL_NOTES=@@SQL_NOTES, SQL_NOTES=0 */;

--
-- Table structure for table `edicao`
--

DROP TABLE IF EXISTS `Edicao`;
/*!40101 SET @saved_cs_client     = @@character_set_client */;
/*!40101 SET character_set_client = utf8 */;
CREATE TABLE `Edicao` (
  `id_edicao` int(11) NOT NULL AUTO_INCREMENT,
  `no_edicao` varchar(200) DEFAULT NULL,
  `no_view` varchar(200) DEFAULT NULL,
  `no_tabela` varchar(200) DEFAULT NULL,
  `no_classe_processadora` varchar(100) DEFAULT NULL,
  PRIMARY KEY (`id_edicao`)
) ENGINE=InnoDB AUTO_INCREMENT=42 DEFAULT CHARSET=latin1;
/*!40101 SET character_set_client = @saved_cs_client */;

--
-- Dumping data for table `edicao`
--

LOCK TABLES `Edicao` WRITE;
/*!40000 ALTER TABLE `Edicao` DISABLE KEYS */;
INSERT INTO `Edicao` VALUES (1,'vCANDIDATO','vCANDIDATO','CANDIDATO','cINTERFACE_CANDIDATO'),(2,'vCANDIDATO_CONS','vCANDIDATO_CONS','CANDIDATO',NULL),(3,'processo_coleta_edit','vprocesso_coleta','processo_coleta','cINTERFACE_PROCESSO'),(4,'processo_coleta_view','vprocesso_coleta','processo_coleta','cINTERFACE_PROCESSO'),(5,'PROCESSO_MTE','vprocesso_mte','processo_mte','cINTERFACE_PROCESSO'),(6,'AUTORIZACAO_CANDIDATO_OS','vAUTORIZACAO_CANDIDATO','AUTORIZACAO_CANDIDATO',NULL),(7,'processo_prorrog_edit','vprocesso_prorrog','processo_prorrog','cINTERFACE_PROCESSO'),(8,'processo_regcie_edit','vprocesso_regcie','processo_regcie','cINTERFACE_PROCESSO'),(9,'processo_regcie_view','vprocesso_regcie','processo_regcie','cINTERFACE_PROCESSO'),(10,'processo_emiscie_edit','vprocesso_emiscie','processo_emiscie','cINTERFACE_PROCESSO'),(11,'processo_emiscie_view','vprocesso_emiscie','processo_emiscie','cINTERFACE_PROCESSO'),(12,'processo_cancel_edit','vprocesso_cancel','processo_cancel','cINTERFACE_PROCESSO'),(13,'processo_cancel_view','vprocesso_cancel','processo_cancel','cINTERFACE_PROCESSO'),(14,'AUTORIZACAO_CANDIDATO_OS_view','vAUTORIZACAO_CANDIDATO','AUTORIZACAO_CANDIDATO',NULL),(15,'SOLICITA_VISTO_edit','vSOLICITA_VISTO','--','cINTERFACE_OS'),(16,'SOLICITA_VISTO_view','vSOLICITA_VISTO','--',NULL),(17,'CONCLUSAO_MTE','vprocesso_mte','processo_mte','cINTERFACE_PROCESSO'),(18,'ANDAMENTO_MTE','vprocesso_mte','processo_mte','cINTERFACE_PROCESSO'),(19,'processo_mte_view','vprocesso_mte','--','cINTERFACE_PROCESSO'),(20,'processo_prorrog_view','vprocesso_prorrog','--','cINTERFACE_PROCESSO'),(21,'SOLICITACAO_ANTIGA_view','vAUTORIZACAO_CANDIDATO','--','cINTERFACE_OS'),(22,'SOLICITACAO_ANTIGA_edit','vAUTORIZACAO_CANDIDATO','AUTORIZACAO_CANDIDATO','cINTERFACE_OS'),(23,'processo_edit','vSOLICITA_VISTO','solicita_visto',NULL),(24,'processo_view','vSOLICITA_VISTO','solicita_visto',NULL),(25,'liberacao','vLiberacao','solicita_visto',NULL),(26,'qualidade','vLiberacao','solicita_visto',NULL),(27,'Campo_edit','Campo','Campo',NULL),(28,'Campo_edit','Campo','Campo',NULL),(31,'OPERACOES_OS','solicita_visto','solicita_visto','cINTERFACE_OS'),(32,'OS_CANDIDATOS','AUTORIZACAO_CANDIDATO','AUTORIZACAO_CANDIDATO','cINTERFACE_OS'),(33,'CANDIDATO_CPF','vordemservico','CANDIDATO','cINTERFACE_OS'),(34,'CANDIDATO_CNH','vordemservico','CANDIDATO','cINTERFACE_OS'),(35,'CANDIDATO_CTPS','vordemservico','CANDIDATO','cINTERFACE_OS'),(36,'processo_mte_edit','vprocesso_mte','processo_mte','cINTERFACE_PROCESSO'),(37,'candidato_new','vCANDIDATO','CANDIDATO','cINTERFACE_CANDIDATO'),(38,'processo_mte_observacao','vprocesso_mte','processo_mte','cINTERFACE_PROCESSO'),(39,'processo_mte_do_processo_edit','vprocesso_mte','processo_mte','cINTERFACE_PROCESSO'),(40,'operacoes_candidato','CANDIDATO','CANDIDATO','cINTERFACE_CANDIDATO'),(41,'processo_mte_new','vprocesso_mte','processo_mte','cINTERFACE_PROCESSO');
/*!40000 ALTER TABLE `Edicao` ENABLE KEYS */;
UNLOCK TABLES;

--
-- Table structure for table `tipo_campo`
--

DROP TABLE IF EXISTS `Tipo_Campo`;
/*!40101 SET @saved_cs_client     = @@character_set_client */;
/*!40101 SET character_set_client = utf8 */;
CREATE TABLE `Tipo_Campo` (
  `id_tipo_campo` int(11) NOT NULL AUTO_INCREMENT,
  `no_tipo_campo` varchar(45) DEFAULT NULL,
  PRIMARY KEY (`id_tipo_campo`)
) ENGINE=InnoDB AUTO_INCREMENT=14 DEFAULT CHARSET=latin1;
/*!40101 SET character_set_client = @saved_cs_client */;

--
-- Dumping data for table `tipo_campo`
--

LOCK TABLES `Tipo_Campo` WRITE;
/*!40000 ALTER TABLE `Tipo_Campo` DISABLE KEYS */;
INSERT INTO `Tipo_Campo` VALUES (1,'HIDDEN'),(2,'DATA'),(3,'CHAVE_ESTR'),(4,'CODIGO'),(5,'VALOR'),(6,'TEXTO'),(7,'MEMO'),(8,'LISTA'),(9,'SIMNAO'),(10,'OPCOES'),(11,'CUSTOM'),(12,'CHAVE'),(13,'SIMNAO_LITERAL');
/*!40000 ALTER TABLE `tipo_campo` ENABLE KEYS */;
UNLOCK TABLES;

--
-- Table structure for table `Campo`
--

DROP TABLE IF EXISTS `Campo`;
/*!40101 SET @saved_cs_client     = @@character_set_client */;
/*!40101 SET character_set_client = utf8 */;
CREATE TABLE `Campo` (
  `id_campo` int(11) NOT NULL AUTO_INCREMENT,
  `id_tipo_campo` int(11) NOT NULL,
  `no_label` varchar(200) DEFAULT NULL,
  `no_campo_bd` varchar(200) DEFAULT NULL,
  `no_classe` varchar(200) DEFAULT NULL,
  `bo_obrigatorio` tinyint(4) DEFAULT NULL,
  `bo_chave` tinyint(4) DEFAULT NULL,
  `id_tipo_combo` int(11) DEFAULT NULL,
  `nu_ordem` int(11) DEFAULT NULL,
  `id_edicao` int(11) NOT NULL,
  `no_painel` varchar(500) DEFAULT NULL,
  `nu_ordem_painel` int(11) DEFAULT NULL,
  `bo_readonly` tinyint(4) DEFAULT NULL,
  `bo_exibir` tinyint(4) DEFAULT NULL,
  `fl_link_mte` tinyint(4) DEFAULT '0',
  `fl_link_mj` tinyint(4) DEFAULT '0',
  `fl_largura_dupla` tinyint(4) DEFAULT '0',
  PRIMARY KEY (`id_campo`),
  KEY `fk_Campo_Tipo_Campo` (`id_tipo_campo`),
  KEY `fk_Campo_Edicao` (`id_edicao`),
  CONSTRAINT `fk_Campo_Edicao` FOREIGN KEY (`id_edicao`) REFERENCES `Edicao` (`id_edicao`) ON DELETE NO ACTION ON UPDATE NO ACTION,
  CONSTRAINT `fk_Campo_Tipo_Campo` FOREIGN KEY (`id_tipo_campo`) REFERENCES `Tipo_Campo` (`id_tipo_campo`) ON DELETE NO ACTION ON UPDATE NO ACTION
) ENGINE=InnoDB AUTO_INCREMENT=918 DEFAULT CHARSET=latin1;
/*!40101 SET character_set_client = @saved_cs_client */;

--
-- Dumping data for table `Campo`
--

LOCK TABLES `Campo` WRITE;
/*!40000 ALTER TABLE `Campo` DISABLE KEYS */;
INSERT INTO `Campo` VALUES (1,12,'NU_CANDIDATO','NU_CANDIDATO','',0,1,0,10,1,'Dados Pessoais',10,0,0,0,0,0),(2,6,'Primeiro nome','NO_PRIMEIRO_NOME','',1,0,0,20,1,'Dados Pessoais',10,0,1,0,0,0),(3,6,'Nome do meio','NO_NOME_MEIO','',0,0,0,30,1,'Dados Pessoais',10,0,1,0,0,0),(4,6,'Último nome','NO_ULTIMO_NOME','',1,0,0,40,1,'Dados Pessoais',10,0,1,0,0,0),(6,6,'Email','NO_EMAIL_CANDIDATO','',1,0,0,60,1,'Dados Pessoais',10,0,1,0,0,0),(7,6,'Endereço','NO_ENDERECO_RESIDENCIA','',1,0,0,75,1,'Endereço no Brasil',20,0,1,0,0,0),(8,6,'Cidade','NO_CIDADE_RESIDENCIA','',0,0,0,80,1,'Endereço no Brasil',20,0,1,0,0,0),(10,6,'Telefone','NU_TELEFONE_CANDIDATO','',0,0,0,100,1,'Endereço no Brasil',20,0,1,0,0,0),(11,6,'Nome da empresa no exterior','NO_EMPRESA_ESTRANGEIRA','',0,0,0,110,1,'Endereço no Exterior',30,0,1,0,0,0),(12,6,'Endereço da empresa','NO_ENDERECO_EMPRESA','',0,0,0,120,1,'Endereço no Exterior',30,0,1,0,0,0),(13,6,'Cidade da empresa','NO_CIDADE_EMPRESA','',0,0,0,130,1,'Endereço no Exterior',30,0,1,0,0,0),(14,3,'País da empresa','CO_PAIS_EMPRESA','',0,0,6,140,1,'Endereço no Exterior',30,0,1,0,0,0),(15,6,'Telefone da empresa','NU_TELEFONE_EMPRESA','',0,0,0,150,1,'Endereço no Exterior',30,0,1,0,0,0),(16,6,'Nome do pai','NO_PAI','',1,0,0,67,1,'Dados Pessoais',10,0,1,0,0,0),(17,6,'Nome da mãe','NO_MAE','',1,0,0,68,1,'Dados Pessoais',10,0,1,0,0,0),(18,3,'Nacionalidade','CO_NACIONALIDADE','',1,0,5,180,1,'Dados Pessoais',10,0,1,0,0,0),(19,3,'Escolaridade','CO_NIVEL_ESCOLARIDADE','',1,0,7,190,1,'Dados Pessoais',10,0,1,0,0,0),(20,3,'Estado Civil','CO_ESTADO_CIVIL','',1,0,2,69,1,'Dados Pessoais',10,0,1,0,0,0),(21,3,'Sexo','CO_SEXO','',1,0,16,70,1,'Dados Pessoais',10,0,1,0,0,0),(22,2,'Data de nascimento','DT_NASCIMENTO','',1,0,0,170,1,'Dados Pessoais',10,0,1,0,0,0),(23,6,'Local de nascimento','NO_LOCAL_NASCIMENTO','',0,0,0,175,1,'Dados Pessoais',10,0,1,0,0,0),(24,6,'Número do passaporte','NU_PASSAPORTE','',1,0,0,240,1,'Dados do passaporte',40,0,1,0,0,0),(25,2,'Data de emissão','DT_EMISSAO_PASSAPORTE','',1,0,0,250,1,'Dados do passaporte',40,0,1,0,0,0),(26,2,'Data de validade','DT_VALIDADE_PASSAPORTE','',1,0,0,260,1,'Dados do passaporte',40,0,1,0,0,0),(27,3,'País emissor','CO_PAIS_EMISSOR_PASSAPORTE','',1,0,6,270,1,'Dados do passaporte',40,0,1,0,0,0),(28,6,'RNE','NU_RNE','',0,0,0,280,1,'Dados do passaporte',40,0,1,0,0,0),(29,3,'Profissão','CO_PROFISSAO_CANDIDATO','',1,0,9,65,1,'Dados Pessoais',10,0,1,0,0,0),(30,7,'Experiência profissional','TE_TRABALHO_ANTERIOR_BRASIL','',0,0,0,300,1,'Dados Pessoais',10,0,1,0,0,0),(31,6,'CPF','NU_CPF','',0,0,0,50,1,'Dados Pessoais',10,0,1,0,0,0),(32,2,'Data inclusão','DT_CADASTRAMENTO','',0,0,0,320,1,'Cadastro',50,1,1,0,0,0),(33,6,'Usuário inclusão','nome_cad','',0,0,0,330,1,'Cadastro',50,1,1,0,0,0),(34,2,'Data última alteração','DT_ULT_ALTERACAO','',0,0,0,340,1,'Cadastro',50,1,1,0,0,0),(35,6,'Usuário alteração','nome_alt','',0,0,0,350,1,'Cadastro',50,1,1,0,0,0),(36,6,'Endereço do candidato','NO_ENDERECO_ESTRANGEIRO','',0,0,0,360,1,'Endereço no Exterior',30,0,1,0,0,0),(37,6,'Cidade do candidato','NO_CIDADE_ESTRANGEIRO','',0,0,0,370,1,'Endereço no Exterior',30,0,1,0,0,0),(38,3,'País do candidato','CO_PAIS_ESTRANGEIRO','',1,0,6,380,1,'Endereço no Exterior',30,0,1,0,0,0),(39,6,'Telefone do candidato','NU_TELEFONE_ESTRANGEIRO','',0,0,0,390,1,'Endereço no Exterior',30,0,1,0,0,0),(40,12,'NU_CANDIDATO','NU_CANDIDATO','',0,1,0,10,2,'Dados Pessoais',1,0,0,0,0,0),(41,6,'Primeiro nome','NO_PRIMEIRO_NOME','',1,0,0,20,2,'Dados Pessoais',1,0,1,0,0,0),(42,6,'Nome do meio','NO_NOME_MEIO','',0,0,0,30,2,'Dados Pessoais',1,0,1,0,0,0),(43,6,'Último nome','NO_ULTIMO_NOME','',0,0,0,40,2,'Dados Pessoais',1,0,1,0,0,0),(44,6,'Email','NO_EMAIL_CANDIDATO','',1,0,0,60,2,'Dados Pessoais',1,0,1,0,0,0),(45,6,'Endereço','NO_ENDERECO_RESIDENCIA','',1,0,0,75,2,'Endereço no Brasil',2,0,1,0,0,0),(46,6,'Cidade','NO_CIDADE_RESIDENCIA','',1,0,0,80,2,'Endereço no Brasil',2,0,1,0,0,0),(47,6,'País','NO_PAIS_RESIDENCIA','',1,0,6,90,2,'Endereço no Brasil',2,0,1,0,0,0),(48,6,'Telefone','NU_TELEFONE_CANDIDATO','',1,0,0,100,2,'Endereço no Brasil',2,0,1,0,0,0),(49,6,'Nome da empresa no exterior','NO_EMPRESA_ESTRANGEIRA','',0,0,0,110,2,'Endereço no Exterior',3,0,1,0,0,0),(50,6,'Endereço da empresa','NO_ENDERECO_EMPRESA','',0,0,0,120,2,'Endereço no Exterior',3,0,1,0,0,0),(51,6,'Cidade da empresa','NO_CIDADE_EMPRESA','',0,0,0,130,2,'Endereço no Exterior',3,0,1,0,0,0),(52,6,'País da empresa','NO_PAIS_EMPRESA','',1,0,6,140,2,'Endereço no Exterior',3,0,1,0,0,0),(53,6,'Telefone da empresa','NU_TELEFONE_EMPRESA','',0,0,0,150,2,'Endereço no Exterior',3,0,1,0,0,0),(54,6,'Nome do pai','NO_PAI','',0,0,0,67,2,'Dados Pessoais',1,0,1,0,0,0),(55,6,'Nome da mãe','NO_MAE','',1,0,0,68,2,'Dados Pessoais',1,0,1,0,0,0),(56,6,'Nacionalidade','NO_NACIONALIDADE','',1,0,5,180,2,'Dados Pessoais',1,0,1,0,0,0),(57,6,'Escolaridade','NO_ESCOLARIDADE','',1,0,7,190,2,'Dados Pessoais',1,0,1,0,0,0),(58,6,'Estado Civil','NO_ESTADO_CIVIL','',1,0,2,69,2,'Dados Pessoais',1,0,1,0,0,0),(69,6,'CPF','NU_CPF','',0,0,0,50,2,'Dados Pessoais',1,0,1,0,0,0),(70,2,'Data inclusão','DT_CADASTRAMENTO','',0,0,0,320,2,'Cadastro',5,1,1,0,0,0),(71,6,'Usuário inclusão','nome_cad','',0,0,0,330,2,'Cadastro',5,1,1,0,0,0),(72,2,'Data última alteração','DT_ULT_ALTERACAO','',0,0,0,340,2,'Cadastro',5,1,1,0,0,0),(73,6,'Usuário alteração','nome_alt','',0,0,0,350,2,'Cadastro',5,1,1,0,0,0),(74,6,'Endereço do candidato','NO_ENDERECO_ESTRANGEIRO','',0,0,0,360,2,'Endereço no Exterior',3,0,1,0,0,0),(75,6,'Cidade do candidato','NO_CIDADE_ESTRANGEIRO','',0,0,0,370,2,'Endereço no Exterior',3,0,1,0,0,0),(76,6,'País do candidato','NO_PAIS_RESIDENCIA','',0,0,6,380,2,'Endereço no Exterior',3,0,1,0,0,0),(77,6,'Telefone do candidato','NU_TELEFONE_ESTRANGEIRO','',0,0,0,390,2,'Endereço no Exterior',3,0,1,0,0,0),(103,6,'Validade do visto','no_validade','',0,0,0,10,3,NULL,1,0,1,0,0,0),(104,6,'Número do visto','nu_visto','',0,0,0,20,3,NULL,2,0,1,0,0,0),(105,2,'Data de emissão','dt_emissao_visto','',0,0,0,30,3,NULL,3,0,1,0,0,0),(106,6,'Local de emissão','no_local_emissao','',0,0,0,40,3,NULL,4,0,1,0,0,0),(107,3,'País de emissão do visto','co_pais_nacionalidade_visto','',0,0,6,50,3,NULL,5,0,1,0,0,0),(108,6,'País de emissão do visto','NO_NACIONALIDADE','',0,0,0,60,3,NULL,6,1,0,0,0,0),(109,3,'Classificação do visto','co_classificacao','',0,0,13,70,3,NULL,7,0,1,0,0,0),(110,6,'Classificação do visto','NO_CLASSIFICACAO_VISTO','',0,0,0,80,3,NULL,8,1,0,0,0,0),(111,6,'Local de entrada (cidade)','no_local_entrada','',0,0,0,90,3,NULL,9,0,1,0,0,0),(112,3,'UF de entrada','co_uf','',0,0,18,100,3,NULL,10,0,1,0,0,0),(113,2,'Data de entrada','dt_entrada','',0,0,0,110,3,NULL,11,0,1,0,0,0),(114,3,'Meio de transporte','nu_transporte_entrada','',0,0,14,120,3,NULL,12,0,1,0,0,0),(115,6,'Meio de transporte','NO_TRANSPORTE_ENTRADA','',0,0,0,130,3,NULL,13,1,0,0,0,0),(117,1,'id_solicita_visto','id_solicita_visto','',0,1,0,1,3,'',0,0,0,0,0,0),(119,2,'Validade do visto','no_validade','',0,0,0,10,4,NULL,1,1,1,0,0,0),(120,6,'Número do visto','nu_visto','',0,0,0,20,4,NULL,1,1,1,0,0,0),(121,2,'Data de emissão','dt_emissao_visto','',0,0,0,30,4,NULL,1,1,1,0,0,0),(122,6,'Local de emissão','no_local_emissao','',0,0,0,40,4,NULL,1,1,1,0,0,0),(123,3,'País de emissão do visto','co_pais_nacionalidade_visto','',0,0,0,50,4,NULL,1,1,0,0,0,0),(124,6,'País de emissão do visto','NO_NACIONALIDADE','',0,0,0,60,4,NULL,1,1,1,0,0,0),(125,3,'Classificação do visto','co_classificacao_visto','',0,0,0,70,4,NULL,1,1,0,0,0,0),(126,6,'Classificação do visto','NO_CLASSIFICACAO_VISTO','',0,0,0,80,4,NULL,1,1,1,0,0,0),(127,6,'Local de entrada (cidade)','no_local_entrada','',0,0,0,90,4,NULL,1,1,1,0,0,0),(128,6,'UF de entrada','co_uf','',0,0,0,100,4,NULL,1,1,1,0,0,0),(129,2,'Data de entrada','dt_entrada','',0,0,0,110,4,NULL,1,1,1,0,0,0),(130,6,'Meio de transporte','nu_transporte_entrada','',0,0,0,120,4,NULL,1,1,0,0,0,0),(131,6,'Meio de transporte','NO_TRANSPORTE_ENTRADA','',0,0,0,130,4,NULL,1,1,1,0,0,0),(132,1,'id_solicita_visto','id_solicita_visto','',0,1,0,0,4,'',1,1,0,0,0,0),(134,1,'cd_candidato','cd_candidato','',0,1,0,1,4,'',1,1,0,0,0,0),(135,6,'codigo','codigo','',0,0,0,35,5,'Processo MTE - Protocolo',10,0,0,0,0,0),(136,12,'cd_candidato','cd_candidato','',0,0,0,20,5,'Processo MTE - Protocolo',10,0,0,0,0,0),(137,12,'cd_solicitacao','cd_solicitacao','',0,0,0,30,5,'Processo MTE - Protocolo',10,0,0,0,0,0),(138,6,'Processo MTE','nu_processo','',0,0,0,50,5,'Processo MTE - Protocolo',10,0,1,1,0,0),(139,2,'Data de Requerimento no MTE','dt_requerimento','',0,0,0,55,5,'Processo MTE - Protocolo',10,0,1,0,0,0),(140,6,'N&uacute;mero  Oficio MRE','nu_oficio','',0,0,0,60,5,'Processo MTE - Protocolo',10,0,0,0,0,0),(141,6,'dt_deferimento','dt_deferimento','',0,0,0,70,4,NULL,NULL,1,NULL,0,0,0),(142,2,'Data de envio para BSB','dt_envio_bsb','',0,0,0,40,5,'Processo MTE - Protocolo',10,0,1,0,0,0),(143,6,'cd_funcao','cd_funcao','',0,0,0,90,5,'Processo MTE - Protocolo',10,0,0,0,0,0),(144,6,'Reparti&ccedil;&atilde;o Consular','cd_reparticao','',0,0,0,100,5,'Processo MTE - Protocolo',10,0,0,0,0,0),(145,6,'Observa&ccedil;&atilde;o','observacao','',0,0,0,110,5,'Processo MTE - Protocolo',10,0,1,0,0,0),(146,6,'dt_cad','dt_cad','',0,0,0,120,5,'Processo MTE - Protocolo',10,0,0,0,0,0),(147,6,'dt_ult','dt_ult','',0,0,0,130,5,'Processo MTE - Protocolo',10,0,0,0,0,0),(148,6,'NU_EMPRESA','NU_EMPRESA','',0,0,0,130,6,NULL,0,1,0,0,0,0),(149,12,'NU_CANDIDATO','NU_CANDIDATO','',0,1,0,20,6,NULL,0,0,0,0,0,0),(150,6,'NU_SOLICITACAO','NU_SOLICITACAO','',0,0,0,140,6,NULL,0,1,0,0,0,0),(151,3,'Projeto/Embarca&ccedil;&atilde;o atual','NU_EMBARCACAO_PROJETO','',0,0,11,54,6,NULL,0,0,0,0,0,0),(152,3,'Tipo de visto','CO_TIPO_AUTORIZACAO','',1,0,1,50,6,NULL,0,0,0,0,0,0),(153,6,'Sal&aacute;rio no exterior em R$','VA_RENUMERACAO_MENSAL','',1,0,0,70,6,NULL,0,0,1,0,0,0),(154,6,'NO_MOEDA_REMUNERACAO_MENSAL','NO_MOEDA_REMUNERACAO_MENSAL','',0,0,0,255,6,NULL,0,1,0,0,0,0),(155,6,'Sal&aacute;rio no Brasil em R$','VA_REMUNERACAO_MENSAL_BRASIL','',1,0,0,75,6,NULL,0,0,1,0,0,0),(156,3,'Reparti&ccedil;&atilde;o consular','CO_REPARTICAO_CONSULAR','',1,0,8,52,6,NULL,0,0,1,0,0,0),(157,3,'Fun&ccedil;&atilde;o','CO_FUNCAO_CANDIDATO','',1,0,12,62,6,NULL,0,0,1,0,0,0),(158,7,'Descri&ccedil;&atilde;o das atividades','TE_DESCRICAO_ATIVIDADES','',1,0,0,110,6,NULL,0,0,1,0,0,0),(159,2,'DT_ABERTURA_PROCESSO_MTE','DT_ABERTURA_PROCESSO_MTE','',0,0,0,120,6,NULL,0,1,0,0,0,0),(160,6,'NU_PROCESSO_MTE','NU_PROCESSO_MTE','',0,0,0,130,6,NULL,0,1,0,0,0,0),(161,6,'NU_AUTORIZACAO_MTE','NU_AUTORIZACAO_MTE','',0,0,0,140,6,NULL,0,1,0,0,0,0),(162,2,'DT_AUTORIZACAO_MTE','DT_AUTORIZACAO_MTE','',0,0,0,150,6,NULL,0,1,0,0,0,0),(163,2,'DT_PRAZO_AUTORIZACAO_MTE','DT_PRAZO_AUTORIZACAO_MTE','',0,0,0,160,6,NULL,0,1,0,0,0,0),(164,2,'DT_VALIDADE_VISTO','DT_VALIDADE_VISTO','',0,0,0,170,6,NULL,0,1,0,0,0,0),(165,6,'NU_VISTO','NU_VISTO','',0,0,0,180,6,NULL,0,1,0,0,0,0),(166,2,'DT_EMISSAO_VISTO','DT_EMISSAO_VISTO','',0,0,0,190,6,NULL,0,1,0,0,0,0),(167,6,'NO_LOCAL_EMISSAO_VISTO','NO_LOCAL_EMISSAO_VISTO','',0,0,0,200,6,NULL,0,1,0,0,0,0),(168,3,'CO_NACIONALIDADE_VISTO','CO_NACIONALIDADE_VISTO','',0,0,0,210,6,NULL,0,1,0,0,0,0),(169,6,'NU_PROTOCOLO_CIE','NU_PROTOCOLO_CIE','',0,0,0,220,6,NULL,0,1,0,0,0,0),(170,2,'DT_PROTOCOLO_CIE','DT_PROTOCOLO_CIE','',0,0,0,230,6,NULL,0,1,0,0,0,0),(171,2,'DT_VALIDADE_PROTOCOLO_CIE','DT_VALIDADE_PROTOCOLO_CIE','',0,0,0,240,6,NULL,0,1,0,0,0,0),(173,2,'DT_VALIDADE_CIE','DT_VALIDADE_CIE','',0,0,0,260,6,NULL,0,1,0,0,0,0),(174,2,'DT_EMISSAO_CIE','DT_EMISSAO_CIE','',0,0,0,270,6,NULL,0,1,0,0,0,0),(175,6,'NU_PROTOCOLO_PRORROGACAO','NU_PROTOCOLO_PRORROGACAO','',0,0,0,280,6,NULL,0,1,0,0,0,0),(176,2,'DT_PROTOCOLO_PRORROGACAO','DT_PROTOCOLO_PRORROGACAO','',0,0,0,290,6,NULL,0,1,0,0,0,0),(177,2,'DT_VALIDADE_PROTOCOLO_PROR','DT_VALIDADE_PROTOCOLO_PROR','',0,0,0,300,6,NULL,0,1,0,0,0,0),(178,2,'DT_PRETENDIDA_PRORROGACAO','DT_PRETENDIDA_PRORROGACAO','',0,0,0,310,6,NULL,0,1,0,0,0,0),(179,2,'DT_CANCELAMENTO','DT_CANCELAMENTO','',0,0,0,320,6,NULL,0,1,0,0,0,0),(180,6,'NU_PROCESSO_CANCELAMENTO','NU_PROCESSO_CANCELAMENTO','',0,0,0,330,6,NULL,0,1,0,0,0,0),(181,2,'DT_PROCESSO_CANCELAMENTO','DT_PROCESSO_CANCELAMENTO','',0,0,0,340,6,NULL,0,1,0,0,0,0),(182,7,'TE_OBSERVACOES_PROCESSOS','TE_OBSERVACOES_PROCESSOS','',0,0,0,350,6,NULL,0,1,0,0,0,0),(183,2,'DT_PRAZO_ESTADA_SOLICITADO','DT_PRAZO_ESTADA_SOLICITADO','',0,0,0,360,6,NULL,0,1,0,0,0,0),(184,6,'NU_ARMADOR','NU_ARMADOR','',0,0,0,370,6,NULL,0,1,0,0,0,0),(185,6,'NU_EMISSAO_CIE','NU_EMISSAO_CIE','',0,0,0,380,6,NULL,0,1,0,0,0,0),(186,6,'NO_LOCAL_ENTRADA','NO_LOCAL_ENTRADA','',0,0,0,390,6,NULL,0,1,0,0,0,0),(187,6,'NO_UF_ENTRADA','NO_UF_ENTRADA','',0,0,0,400,6,NULL,0,1,0,0,0,0),(188,2,'DT_ENTRADA','DT_ENTRADA','',0,0,0,410,6,NULL,0,1,0,0,0,0),(189,6,'NU_TRANSPORTE_ENTRADA','NU_TRANSPORTE_ENTRADA','',0,0,0,420,6,NULL,0,1,0,0,0,0),(190,3,'CO_CLASSIFICACAO_VISTO','CO_CLASSIFICACAO_VISTO','',0,0,0,430,6,NULL,0,1,0,0,0,0),(191,7,'Justificativa','DS_JUSTIFICATIVA','',0,0,0,115,6,NULL,0,0,1,0,0,0),(192,6,'Local de trabalho','DS_LOCAL_TRABALHO','',0,0,0,80,6,NULL,0,0,1,0,0,0),(193,7,'Declara&ccedil;&atilde;o de remunera&ccedil;&atilde;o','DS_SALARIO_EXTERIOR','',0,0,0,119,6,NULL,0,0,1,0,0,0),(194,6,'DS_BENEFICIOS_SALARIO','DS_BENEFICIOS_SALARIO','',0,0,0,470,6,NULL,0,1,0,0,0,0),(195,3,'Projeto/Embarca&ccedil;&atilde;o inicial','NU_EMBARCACAO_INICIAL','',1,0,11,60,6,NULL,0,0,0,0,0,0),(196,6,'Embarcado?','CD_EMBARCADO','',0,0,0,57,6,NULL,0,0,0,0,0,0),(197,2,'DT_SITUACAO_SOL','DT_SITUACAO_SOL','',0,0,0,500,6,NULL,0,1,0,0,0,0),(198,6,'NU_SERVICO','NU_SERVICO','',0,0,0,510,6,NULL,0,1,0,0,0,0),(199,2,'DT_CADASTRAMENTO','DT_CADASTRAMENTO','',0,0,0,520,6,NULL,0,1,0,0,0,0),(200,2,'DT_ULT_ALTERACAO','DT_ULT_ALTERACAO','',0,0,0,530,6,NULL,0,1,0,0,0,0),(201,6,'NU_USUARIO_CAD','NU_USUARIO_CAD','',0,0,0,540,6,NULL,0,1,0,0,0,0),(202,6,'ID_AUTORIZACAO_CANDIDATO','ID_AUTORIZACAO_CANDIDATO','',0,0,0,550,6,NULL,0,1,0,0,0,0),(203,12,'id_solicita_visto','id_solicita_visto','',0,1,0,0,6,NULL,0,0,0,0,0,0),(204,1,'NOME_COMPLETO','NOME_COMPLETO','',0,0,0,300,6,NULL,0,0,0,0,0,0),(205,1,'codigo','codigo','',0,0,0,10,7,NULL,0,0,0,0,0,0),(206,1,'cd_candidato','cd_candidato','',0,0,0,20,7,NULL,0,0,0,0,0,0),(207,1,'cd_solicitacao','cd_solicitacao','',0,0,0,30,7,NULL,0,0,0,0,0,0),(208,6,'N&uacute;mero do Protocolo','nu_protocolo','',0,0,0,40,7,NULL,0,0,1,1,1,0),(209,2,'Data de Requerimento','dt_requerimento','',0,0,0,50,7,NULL,0,0,1,0,0,0),(210,2,'Validade do Protocolo','dt_validade','',0,0,0,60,7,NULL,0,0,1,0,0,0),(211,2,'Prazo Pretendido','dt_prazo_pret','',0,0,0,70,7,NULL,0,0,1,0,0,0),(212,7,'Observa&ccedil;&atilde;o','observacao','',0,0,0,80,7,NULL,0,0,1,0,0,1),(213,6,'dt_cad','dt_cad','',0,0,0,90,7,NULL,0,0,0,0,0,0),(214,6,'dt_ult','dt_ult','',0,0,0,100,7,NULL,0,0,0,0,0,0),(215,1,'id_solicita_visto','id_solicita_visto','',0,1,0,110,7,NULL,0,0,0,0,0,0),(216,1,'id_solicita_visto','id_solicita_visto','',0,1,0,10,5,'Processo MTE - Protocolo',NULL,0,0,0,0,0),(217,1,'codigo','codigo','',0,0,0,10,8,NULL,NULL,0,0,0,0,0),(218,1,'cd_candidato','cd_candidato','',0,0,0,20,8,NULL,NULL,0,0,0,0,0),(219,1,'cd_solicitacao','cd_solicitacao','',0,0,0,30,8,NULL,NULL,0,0,0,0,0),(220,6,'N&uacute;mero do Protocolo CIE','nu_protocolo','',0,0,0,40,8,NULL,NULL,0,1,0,0,0),(221,2,'Data de Requerimento','dt_requerimento','',0,0,0,50,8,NULL,NULL,0,1,0,0,0),(222,2,'Validade do Protocolo CIE','dt_validade','',0,0,0,60,8,NULL,NULL,0,1,0,0,0),(223,2,'Prazo Estada Atual','dt_prazo_estada','',0,0,0,70,8,NULL,NULL,0,1,0,0,0),(224,7,'Observa&ccedil;&atilde;o','observacao','',0,0,0,80,8,NULL,NULL,0,1,0,0,1),(225,6,'dt_cad','dt_cad','',0,0,0,90,8,NULL,NULL,0,0,0,0,0),(226,6,'dt_ult','dt_ult','',0,0,0,100,8,NULL,NULL,0,0,0,0,0),(227,1,'id_solicita_visto','id_solicita_visto','',0,1,0,110,8,NULL,NULL,0,0,0,0,0),(228,1,'codigo','codigo','',0,0,0,10,9,NULL,NULL,0,0,0,0,0),(229,1,'cd_candidato','cd_candidato','',0,0,0,20,9,NULL,NULL,0,0,0,0,0),(230,1,'cd_solicitacao','cd_solicitacao','',0,0,0,30,9,NULL,NULL,0,0,0,0,0),(231,6,'N&uacute;mero do Protocolo CIE','nu_protocolo','',0,0,0,40,9,NULL,NULL,1,1,0,0,0),(232,2,'Data de Requerimento','dt_requerimento','',0,0,0,50,9,NULL,NULL,1,1,0,0,0),(233,2,'Validade do Protocolo CIE','dt_validade','',0,0,0,60,9,NULL,NULL,1,1,0,0,0),(234,2,'Prazo Estada Atual','dt_prazo_estada','',0,0,0,70,9,NULL,NULL,1,1,0,0,0),(235,7,'Observa&ccedil;&atilde;o','observacao','',0,0,0,80,9,NULL,NULL,1,1,0,0,1),(236,6,'dt_cad','dt_cad','',0,0,0,90,9,NULL,NULL,0,0,0,0,0),(237,6,'dt_ult','dt_ult','',0,0,0,100,9,NULL,NULL,0,0,0,0,0),(238,1,'id_solicita_visto','id_solicita_visto','',0,1,0,110,9,NULL,NULL,0,0,0,0,0),(239,1,'codigo','codigo','',0,0,0,10,12,NULL,NULL,0,0,0,0,0),(240,1,'cd_candidato','cd_candidato','',0,0,0,20,12,NULL,NULL,0,0,0,0,0),(241,1,'cd_solicitacao','cd_solicitacao','',0,0,0,30,12,NULL,NULL,0,0,0,0,0),(242,6,'N&uacute;mero do Processo','nu_processo','',0,0,0,40,12,NULL,NULL,0,1,0,0,0),(243,2,'Data de Processo','dt_processo','',0,0,0,50,12,NULL,NULL,0,1,0,0,0),(244,2,'Data de Cancelamento','dt_cancel','',0,0,0,60,12,NULL,NULL,0,1,0,0,0),(245,7,'Observa&ccedil;&atilde;o','observacao','',0,0,0,70,12,NULL,NULL,0,1,0,0,1),(246,2,'dt_cad','dt_cad','',0,0,0,80,12,NULL,NULL,0,0,0,0,0),(247,2,'dt_ult','dt_ult','',0,0,0,90,12,NULL,NULL,0,0,0,0,0),(248,1,'id_solicita_visto','id_solicita_visto','',0,1,0,100,12,NULL,NULL,0,0,0,0,0),(249,1,'codigo','codigo','',0,0,0,10,13,NULL,NULL,0,0,0,0,0),(250,1,'cd_candidato','cd_candidato','',0,0,0,20,13,NULL,NULL,0,0,0,0,0),(251,1,'cd_solicitacao','cd_solicitacao','',0,0,0,30,13,NULL,NULL,0,0,0,0,0),(252,6,'N&uacute;mero do Processo','nu_processo','',0,0,0,40,13,NULL,NULL,1,1,0,0,0),(253,2,'Data de Processo','dt_processo','',0,0,0,50,13,NULL,NULL,1,1,0,0,0),(254,2,'Data de Cancelamento','dt_cancel','',0,0,0,60,13,NULL,NULL,1,1,0,0,0),(255,6,'Observa&ccedil;&atilde;o','observacao','',0,0,0,70,13,NULL,NULL,1,1,0,0,1),(256,2,'dt_cad','dt_cad','',0,0,0,80,13,NULL,NULL,0,0,0,0,0),(257,2,'dt_ult','dt_ult','',0,0,0,90,13,NULL,NULL,0,0,0,0,0),(258,1,'id_solicita_visto','id_solicita_visto','',0,1,0,100,13,NULL,NULL,0,0,0,0,0),(269,1,'codigo','codigo','',0,0,0,10,10,NULL,NULL,0,0,0,0,0),(270,1,'cd_candidato','cd_candidato','',0,0,0,20,10,NULL,NULL,0,0,0,0,0),(271,1,'cd_solicitacao','cd_solicitacao','',0,0,0,30,10,NULL,NULL,0,0,0,0,0),(272,6,'N&uacute;mero da CIE','nu_cie','',0,0,0,40,10,NULL,NULL,0,1,0,0,0),(273,2,'Data Emiss&atilde;o CIE','dt_emissao','',0,0,0,50,10,NULL,NULL,0,1,0,0,0),(274,2,'Data de Validade CIE','dt_validade','',0,0,0,60,10,NULL,NULL,0,1,0,0,0),(275,7,'Observa&ccedil;&atilde;o','observacao','',0,0,0,70,10,NULL,NULL,0,1,0,0,1),(276,2,'dt_cad','dt_cad','',0,0,0,80,10,NULL,NULL,0,0,0,0,0),(277,2,'dt_ult','dt_ult','',0,0,0,90,10,NULL,NULL,0,0,0,0,0),(278,12,'id_solicita_visto','id_solicita_visto','',0,1,0,100,10,NULL,NULL,0,0,0,0,0),(279,1,'codigo','codigo','',0,0,0,10,11,NULL,NULL,0,0,0,0,0),(280,1,'cd_candidato','cd_candidato','',0,0,0,20,11,NULL,NULL,0,0,0,0,0),(281,1,'cd_solicitacao','cd_solicitacao','',0,0,0,30,11,NULL,NULL,0,0,0,0,0),(282,6,'N&uacute;mero da CIE','nu_cie','',0,0,0,40,11,NULL,NULL,1,1,0,0,0),(283,2,'Data Emiss&atilde;o CIE','dt_emissao','',0,0,0,50,11,NULL,NULL,1,1,0,0,0),(284,2,'Data de Validade CIE','dt_validade','',0,0,0,60,11,NULL,NULL,1,1,0,0,0),(285,6,'Observa&ccedil;&atilde;o','observacao','',0,0,0,70,11,NULL,NULL,1,1,0,0,1),(286,2,'dt_cad','dt_cad','',0,0,0,80,11,NULL,NULL,0,0,0,0,0),(287,2,'dt_ult','dt_ult','',0,0,0,90,11,NULL,NULL,0,0,0,0,0),(288,1,'id_solicita_visto','id_solicita_visto','',0,1,0,100,11,NULL,NULL,0,0,0,0,0),(289,3,'Sexo','CO_SEXO','',0,0,16,210,2,NULL,NULL,1,1,0,0,0),(290,2,'Data de nascimento','DT_NASCIMENTO','',0,0,0,220,2,NULL,NULL,1,1,0,0,0),(291,6,'Local de nascimeto','NO_LOCAL_NASCIMENTO','',0,0,0,230,2,NULL,NULL,1,1,0,0,0),(292,6,'N&uacute;mero','NU_PASSAPORTE','',0,0,0,240,2,NULL,NULL,1,1,0,0,0),(293,2,'Data de emiss&atilde;o','DT_EMISSAO_PASSAPORTE','',0,0,0,250,2,NULL,NULL,1,1,0,0,0),(294,2,'Data de validade','DT_VALIDADE_PASSAPORTE','',0,0,0,260,2,NULL,NULL,1,1,0,0,0),(295,3,'Pa&iacute;s emissor','CO_PAIS_EMISSOR_PASSAPORTE','',0,0,6,270,2,NULL,NULL,1,1,0,0,0),(296,6,'RNE','NU_RNE','',0,0,0,280,2,NULL,NULL,1,1,0,0,0),(297,3,'Profiss&atilde;o','NO_PROFISSAO','',0,0,9,290,2,NULL,NULL,1,1,0,0,0),(298,7,'Experiencia profissional','TE_TRABALHO_ANTERIOR_BRASIL','expProf',0,0,0,300,2,NULL,NULL,1,1,0,0,0),(299,6,'NU_EMPRESA','NU_EMPRESA','',0,0,0,130,14,NULL,NULL,1,0,0,0,0),(300,12,'NU_CANDIDATO','NU_CANDIDATO','',0,1,0,20,14,NULL,NULL,1,0,0,0,0),(301,6,'NU_SOLICITACAO','NU_SOLICITACAO','',0,0,0,140,14,NULL,NULL,1,0,0,0,0),(302,6,'Projeto/Embarca&ccedil;&atilde;o atual','NO_EMBARCACAO_PROJETO','',0,0,11,53,14,NULL,NULL,1,0,0,0,0),(303,6,'Tipo de visto','NO_TIPO_AUTORIZACAO','',1,0,1,50,14,NULL,NULL,1,0,0,0,0),(304,6,'Sal&aacute;rio no Brasil em R$','VA_REMUNERACAO_MENSAL_BRASIL','',1,0,0,70,14,NULL,NULL,1,1,0,0,0),(305,6,'NO_MOEDA_REMUNERACAO_MENSAL','NO_MOEDA_REMUNERACAO_MENSAL','',0,0,0,255,14,NULL,NULL,1,0,0,0,0),(306,6,'Sal&aacute;rio no exterior em R$','VA_RENUMERACAO_MENSAL','',1,0,0,65,14,NULL,NULL,1,1,0,0,0),(307,6,'Reparti&ccedil;&atilde;o consular','NO_REPARTICAO_CONSULAR','',1,0,8,52,14,NULL,NULL,1,1,0,0,0),(308,6,'Fun&ccedil;&atilde;o','NO_FUNCAO','',1,0,0,62,14,NULL,NULL,1,1,0,0,0),(309,7,'Descri&ccedil;&atilde;o das atividades','TE_DESCRICAO_ATIVIDADES','',1,0,0,110,14,NULL,NULL,1,1,0,0,0),(310,2,'DT_ABERTURA_PROCESSO_MTE','DT_ABERTURA_PROCESSO_MTE','',0,0,0,120,14,NULL,NULL,1,0,0,0,0),(311,6,'NU_PROCESSO_MTE','NU_PROCESSO_MTE','',0,0,0,130,14,NULL,NULL,1,0,0,0,0),(312,6,'NU_AUTORIZACAO_MTE','NU_AUTORIZACAO_MTE','',0,0,0,140,14,NULL,NULL,1,0,0,0,0),(313,2,'DT_AUTORIZACAO_MTE','DT_AUTORIZACAO_MTE','',0,0,0,150,14,NULL,NULL,1,0,0,0,0),(314,2,'DT_PRAZO_AUTORIZACAO_MTE','DT_PRAZO_AUTORIZACAO_MTE','',0,0,0,160,14,NULL,NULL,1,0,0,0,0),(315,2,'DT_VALIDADE_VISTO','DT_VALIDADE_VISTO','',0,0,0,170,14,NULL,NULL,1,0,0,0,0),(316,6,'NU_VISTO','NU_VISTO','',0,0,0,180,14,NULL,NULL,1,0,0,0,0),(317,2,'DT_EMISSAO_VISTO','DT_EMISSAO_VISTO','',0,0,0,190,14,NULL,NULL,1,0,0,0,0),(318,6,'NO_LOCAL_EMISSAO_VISTO','NO_LOCAL_EMISSAO_VISTO','',0,0,0,200,14,NULL,NULL,1,0,0,0,0),(319,3,'CO_NACIONALIDADE_VISTO','CO_NACIONALIDADE_VISTO','',0,0,0,210,14,NULL,NULL,1,0,0,0,0),(320,6,'NU_PROTOCOLO_CIE','NU_PROTOCOLO_CIE','',0,0,0,220,14,NULL,NULL,1,0,0,0,0),(321,2,'DT_PROTOCOLO_CIE','DT_PROTOCOLO_CIE','',0,0,0,230,14,NULL,NULL,1,0,0,0,0),(322,2,'DT_VALIDADE_PROTOCOLO_CIE','DT_VALIDADE_PROTOCOLO_CIE','',0,0,0,240,14,NULL,NULL,1,0,0,0,0),(323,6,'Prazo solicitado','DT_PRAZO_ESTADA','',0,0,0,45,14,NULL,NULL,1,0,0,0,0),(324,2,'DT_VALIDADE_CIE','DT_VALIDADE_CIE','',0,0,0,260,14,NULL,NULL,1,0,0,0,0),(325,2,'DT_EMISSAO_CIE','DT_EMISSAO_CIE','',0,0,0,270,14,NULL,NULL,1,0,0,0,0),(326,6,'NU_PROTOCOLO_PRORROGACAO','NU_PROTOCOLO_PRORROGACAO','',0,0,0,280,14,NULL,NULL,1,0,0,0,0),(327,2,'DT_PROTOCOLO_PRORROGACAO','DT_PROTOCOLO_PRORROGACAO','',0,0,0,290,14,NULL,NULL,1,0,0,0,0),(328,2,'DT_VALIDADE_PROTOCOLO_PROR','DT_VALIDADE_PROTOCOLO_PROR','',0,0,0,300,14,NULL,NULL,1,0,0,0,0),(329,2,'DT_PRETENDIDA_PRORROGACAO','DT_PRETENDIDA_PRORROGACAO','',0,0,0,310,14,NULL,NULL,1,0,0,0,0),(330,2,'DT_CANCELAMENTO','DT_CANCELAMENTO','',0,0,0,320,14,NULL,NULL,1,0,0,0,0),(331,6,'NU_PROCESSO_CANCELAMENTO','NU_PROCESSO_CANCELAMENTO','',0,0,0,330,14,NULL,NULL,1,0,0,0,0),(332,2,'DT_PROCESSO_CANCELAMENTO','DT_PROCESSO_CANCELAMENTO','',0,0,0,340,14,NULL,NULL,1,0,0,0,0),(333,7,'TE_OBSERVACOES_PROCESSOS','TE_OBSERVACOES_PROCESSOS','',0,0,0,350,14,NULL,NULL,1,0,0,0,0),(334,2,'DT_PRAZO_ESTADA_SOLICITADO','DT_PRAZO_ESTADA_SOLICITADO','',0,0,0,360,14,NULL,NULL,1,0,0,0,0),(335,6,'NU_ARMADOR','NU_ARMADOR','',0,0,0,370,14,NULL,NULL,1,0,0,0,0),(336,6,'NU_EMISSAO_CIE','NU_EMISSAO_CIE','',0,0,0,380,14,NULL,NULL,1,0,0,0,0),(337,6,'NO_LOCAL_ENTRADA','NO_LOCAL_ENTRADA','',0,0,0,390,14,NULL,NULL,1,0,0,0,0),(338,6,'NO_UF_ENTRADA','NO_UF_ENTRADA','',0,0,0,400,14,NULL,NULL,1,0,0,0,0),(339,2,'DT_ENTRADA','DT_ENTRADA','',0,0,0,410,14,NULL,NULL,1,0,0,0,0),(340,6,'NU_TRANSPORTE_ENTRADA','NU_TRANSPORTE_ENTRADA','',0,0,0,420,14,NULL,NULL,1,0,0,0,0),(341,3,'CO_CLASSIFICACAO_VISTO','CO_CLASSIFICACAO_VISTO','',0,0,0,430,14,NULL,NULL,1,0,0,0,0),(342,7,'Justificativa','DS_JUSTIFICATIVA','',0,0,0,115,14,NULL,NULL,1,1,0,0,0),(343,6,'Local de trabalho','DS_LOCAL_TRABALHO','',0,0,0,80,14,NULL,NULL,1,1,0,0,0),(344,7,'Declara&ccedil;&atilde;o de remunera&ccedil;&atilde;o','DS_SALARIO_EXTERIOR','',0,0,0,119,14,NULL,NULL,1,1,0,0,0),(345,6,'DS_BENEFICIOS_SALARIO','DS_BENEFICIOS_SALARIO','',0,0,0,470,14,NULL,NULL,1,0,0,0,0),(346,6,'Projeto/Embarca&ccedil;&atilde;o inicial','NO_EMBARCACAO_INICIAL','',1,0,11,60,14,NULL,NULL,1,0,0,0,0),(347,6,'Embarcado?','CD_EMBARCADO','',0,0,0,57,14,NULL,NULL,1,0,0,0,0),(348,2,'DT_SITUACAO_SOL','DT_SITUACAO_SOL','',0,0,0,500,14,NULL,NULL,1,0,0,0,0),(349,6,'NU_SERVICO','NU_SERVICO','',0,0,0,510,14,NULL,NULL,1,0,0,0,0),(350,2,'DT_CADASTRAMENTO','DT_CADASTRAMENTO','',0,0,0,520,14,NULL,NULL,1,0,0,0,0),(351,2,'DT_ULT_ALTERACAO','DT_ULT_ALTERACAO','',0,0,0,530,14,NULL,NULL,1,0,0,0,0),(352,6,'NU_USUARIO_CAD','NU_USUARIO_CAD','',0,0,0,540,14,NULL,NULL,1,0,0,0,0),(353,6,'ID_AUTORIZACAO_CANDIDATO','ID_AUTORIZACAO_CANDIDATO','',0,0,0,550,14,NULL,NULL,1,0,0,0,0),(354,12,'id_solicita_visto','id_solicita_visto','',0,1,0,0,14,NULL,NULL,1,0,0,0,0),(355,1,'NOME_COMPLETO','NOME_COMPLETO','',0,0,0,300,14,NULL,NULL,1,0,0,0,0),(403,6,'NU_EMPRESA','NU_EMPRESA','',0,0,0,200,16,NULL,NULL,0,0,0,0,0),(404,3,'Projeto/Embarcação','NU_EMBARCACAO_PROJETO','',0,0,11,20,16,NULL,NULL,0,0,0,0,0),(405,2,'DT_SITUACAO_SOL','DT_SITUACAO_SOL','',0,0,0,210,16,NULL,NULL,0,0,0,0,0),(406,6,'Embarcado','CD_EMBARCADO','',0,0,0,220,16,NULL,NULL,0,0,0,0,0),(407,12,'id_solicita_visto','id_solicita_visto','',0,1,0,1,16,NULL,NULL,0,0,0,0,0),(408,3,'Tipo de Serviço','NU_SERVICO','',0,0,3,30,16,NULL,NULL,0,0,0,0,0),(409,6,'Número','NU_SOLICITACAO','',0,0,0,2,16,NULL,NULL,0,0,0,0,0),(410,6,'cd_admin_cad','cd_admin_cad','',0,0,0,230,16,NULL,NULL,0,0,0,0,0),(411,6,'ID_STATUS_SOL','ID_STATUS_SOL','',0,0,0,240,16,NULL,NULL,0,0,0,0,0),(412,2,'Data da solicitação','dt_solicitacao','',0,0,0,35,16,NULL,0,1,1,0,0,0),(413,6,'Projeto/Embarcação','NO_EMBARCACAO_PROJETO','',0,0,0,25,16,NULL,0,1,1,0,0,0),(414,6,'Tipo de Serviço','NO_SERVICO_RESUMIDO','',0,0,0,50,16,NULL,0,1,1,0,0,0),(415,6,'Responsável','NO_USUARIO_TECNICO','',0,0,0,65,16,NULL,0,1,1,0,0,0),(416,3,'Responsável','cd_tecnico','',0,0,19,60,16,NULL,NULL,1,0,0,0,0),(417,6,'Empresa cliente','NO_RAZAO_SOCIAL','',0,0,0,10,16,NULL,0,1,1,0,0,0),(418,7,'Observações','de_observacao',NULL,0,0,0,90,16,NULL,0,1,1,0,0,0),(419,6,'Solicitante','no_solicitador',NULL,0,0,0,30,16,NULL,0,1,1,0,0,0),(420,9,'Não conformidade?','fl_nao_conformidade',NULL,0,0,0,100,16,NULL,NULL,1,0,0,0,0),(434,6,'Data cadastro','dt_cadastro',NULL,0,0,0,80,16,NULL,0,1,1,0,0,0),(435,6,'Usuário cadastro','NO_USUARIO_CADASTRO',NULL,0,0,0,70,16,NULL,0,1,1,0,0,0),(439,2,'Data de recebimento BSB','dt_recebimento_bsb','',0,0,0,45,5,'Processo MTE - Protocolo',10,0,1,0,0,0),(440,2,'Data &uacute;ltima atual.','dt_ult_atu_andamento','',0,0,0,90,18,'Andamento',20,0,1,0,0,0),(441,1,'id_solicita_visto','id_solicita_visto','',0,1,0,10,18,'',0,0,0,0,0,0),(442,3,'Situa&ccedil;&atilde;o atual','ID_STATUS_ANDAMENTO','',0,0,20,80,18,'Andamento',20,0,1,0,0,0),(453,6,'Empresa requerente','NO_RAZAO_SOCIAL_REQUERENTE','',0,0,0,22,16,'',0,1,NULL,0,0,0),(454,2,'Prazo solicitado','DT_PRAZO_ESTADA_SOLICITADO','',0,0,0,55,16,NULL,0,1,1,0,0,0),(486,1,'codigo','codigo','',0,0,0,10,20,NULL,0,0,0,0,0,0),(487,1,'cd_candidato','cd_candidato','',0,0,0,20,20,NULL,0,0,0,0,0,0),(488,1,'cd_solicitacao','cd_solicitacao','',0,0,0,30,20,NULL,0,0,0,0,0,0),(489,6,'N&uacute;mero do Protocolo','nu_protocolo','',0,0,0,40,20,NULL,0,1,1,1,1,0),(490,2,'Data de Requerimento','dt_requerimento','',0,0,0,50,20,NULL,0,1,1,0,0,0),(491,2,'Validade do Protocolo','dt_validade','',0,0,0,60,20,NULL,0,1,1,0,0,0),(492,2,'Prazo Pretendido','dt_prazo_pret','',0,0,0,70,20,NULL,0,1,1,0,0,0),(493,7,'Observa&ccedil;&atilde;o','observacao','',0,0,0,80,20,NULL,0,1,1,0,0,1),(494,6,'dt_cad','dt_cad','',0,0,0,90,20,NULL,0,1,0,0,0,0),(495,6,'dt_ult','dt_ult','',0,0,0,100,20,NULL,0,0,0,0,0,0),(496,1,'id_solicita_visto','id_solicita_visto','',0,1,0,110,20,NULL,0,0,1,0,0,0),(497,6,'Justificativa da repartição consular','NO_JUSTIFICATIVA_REP_CONS','',0,0,0,53,6,'',0,0,1,0,0,0),(499,6,'Qtd de formularios','NU_FORMULARIOS','',0,0,0,300,16,'',0,1,0,0,0,0),(500,6,'Prazo solicitado','prazo_solicitado','',0,0,0,57,19,NULL,0,1,1,0,0,0),(501,6,'NU_EMPRESA','NU_EMPRESA','',0,0,0,200,19,NULL,0,0,0,0,0,0),(502,6,'Data requerimento','dt_requerimento','',0,0,0,20,19,NULL,0,1,1,0,0,0),(503,2,'DT_SITUACAO_SOL','DT_SITUACAO_SOL','',0,0,0,210,19,NULL,0,0,0,0,0,0),(504,1,'id_solicita_visto','id_solicita_visto','',0,1,0,1,19,NULL,0,0,0,0,0,0),(505,6,'Data deferimento MTE','dt_deferimento','',0,0,0,56,19,NULL,0,1,1,0,0,0),(506,6,'Número','NU_SOLICITACAO','',0,0,0,2,19,NULL,0,0,0,0,0,0),(507,6,'cd_admin_cad','cd_admin_cad','',0,0,0,230,19,NULL,0,0,0,0,0,0),(508,6,'ID_STATUS_SOL','ID_STATUS_SOL','',0,0,0,240,19,NULL,0,0,0,0,0,0),(509,6,'Reparti&ccedil;&atilde;o','NO_REPARTICAO_CONSULAR','',0,0,0,50,19,NULL,0,1,1,0,0,0),(510,6,'Projeto/Embarcação','NO_EMBARCACAO_PROJETO','',0,0,0,25,19,NULL,0,0,0,0,0,0),(511,6,'Tipo de visto','NO_SERVICO_AUTORIZACAO','',0,0,0,8,19,NULL,0,1,1,0,0,0),(512,6,'Responsável','NO_USUARIO_TECNICO','',0,0,0,65,19,NULL,0,0,0,0,0,0),(513,6,'N&uacute;mero do processo','nu_processo','',0,0,0,10,19,NULL,0,1,1,1,0,0),(514,6,'Fun&ccedil;&atilde;o','NO_FUNCAO','',0,0,0,40,19,NULL,0,1,1,0,0,0),(515,9,'Não conformidade?','fl_nao_conformidade',NULL,0,0,0,100,19,NULL,0,0,0,0,0,0),(516,6,'Data cadastro','dt_cadastro',NULL,0,0,0,80,19,NULL,0,1,0,0,0,0),(517,6,'Usuário cadastro','NO_USUARIO_CADASTRO',NULL,0,0,0,70,19,NULL,0,1,0,0,0,0),(518,6,'N&uacute;mero MRE','nu_oficio','',0,0,0,52,19,NULL,0,1,1,0,0,0),(519,3,'Empresa cliente','NU_EMPRESA','',0,0,10,5,19,NULL,0,1,0,0,0,0),(520,6,'Quantidade de formularios','NU_FORMULARIOS','',0,0,0,560,19,NULL,0,1,0,0,0,0),(531,6,'Prazo solicitado','DT_PRAZO_ESTADA_SOLICITADO','',0,0,0,57,15,NULL,0,0,1,0,0,0),(532,6,'NU_EMPRESA','NU_EMPRESA','',0,0,0,200,15,NULL,NULL,0,0,0,0,0),(533,3,'Projeto/Embarcação','NU_EMBARCACAO_PROJETO','',0,0,11,20,15,NULL,0,0,1,0,0,0),(534,2,'DT_SITUACAO_SOL','DT_SITUACAO_SOL','',0,0,0,210,15,NULL,NULL,0,0,0,0,0),(535,1,'id_solicita_visto','id_solicita_visto','',0,1,0,1,15,NULL,0,0,0,0,0,0),(536,3,'Tipo de Serviço','NU_SERVICO','',0,0,3,56,15,NULL,0,0,1,0,0,0),(537,6,'Número','NU_SOLICITACAO','',0,0,0,2,15,NULL,0,0,0,0,0,0),(538,6,'cd_admin_cad','cd_admin_cad','',0,0,0,230,15,NULL,NULL,0,0,0,0,0),(539,6,'ID_STATUS_SOL','ID_STATUS_SOL','',0,0,0,240,15,NULL,NULL,0,0,0,0,0),(540,2,'Data da solicitação','dt_solicitacao','',0,0,0,50,15,NULL,0,0,1,0,0,0),(541,6,'Projeto/Embarcação','NO_EMBARCACAO_PROJETO','',0,0,0,25,15,NULL,0,0,0,0,0,0),(542,6,'Tipo de Serviço','NO_SERVICO_RESUMIDO','',0,0,0,55,15,NULL,0,0,0,0,0,0),(543,6,'Responsável','NO_USUARIO_TECNICO','',0,0,0,65,15,NULL,NULL,0,0,0,0,0),(544,3,'Responsável','cd_tecnico','',0,0,19,60,15,NULL,0,0,1,0,0,0),(545,6,'Empresa cliente','NO_RAZAO_SOCIAL','',0,0,0,10,15,NULL,0,1,0,0,0,0),(546,7,'Observações','de_observacao',NULL,0,0,0,90,15,NULL,0,0,1,0,0,0),(547,6,'Solicitante','no_solicitador',NULL,0,0,0,40,15,NULL,0,0,1,0,0,0),(548,9,'Não conformidade?','fl_nao_conformidade',NULL,0,0,0,100,15,NULL,NULL,0,0,0,0,0),(549,6,'Data cadastro','dt_cadastro',NULL,0,0,0,80,15,NULL,NULL,1,0,0,0,0),(550,6,'Usuário cadastro','NO_USUARIO_CADASTRO',NULL,0,0,0,70,15,NULL,NULL,1,0,0,0,0),(551,3,'Empresa requerente','nu_empresa_requerente','',0,0,22,52,15,'',0,0,1,0,0,0),(552,3,'Empresa cliente','NU_EMPRESA','',0,0,22,5,15,'',0,0,1,0,0,0),(553,6,'NU_EMPRESA','NU_EMPRESA','',0,0,0,130,21,NULL,0,1,0,0,0,0),(554,12,'NU_CANDIDATO','NU_CANDIDATO','',0,1,0,20,21,NULL,0,0,0,0,0,0),(555,6,'Solicita&ccedil;&atilde;o','NU_SOLICITACAO','',0,0,0,20,21,'OS',10,1,1,0,0,0),(556,3,'Projeto/Embarca&ccedil;&atilde;o atual','NU_EMBARCACAO_PROJETO','',0,0,11,54,21,NULL,0,0,0,0,0,0),(557,3,'Tipo de visto','CO_TIPO_AUTORIZACAO','',1,0,1,50,21,NULL,0,0,0,0,0,0),(558,6,'Sal&aacute;rio no Brasil em R$','VA_RENUMERACAO_MENSAL','',1,0,0,70,21,NULL,0,0,0,0,0,0),(559,6,'NO_MOEDA_REMUNERACAO_MENSAL','NO_MOEDA_REMUNERACAO_MENSAL','',0,0,0,255,21,NULL,0,1,0,0,0,0),(560,6,'Sal&aacute;rio no exterior em R$','VA_REMUNERACAO_MENSAL_BRASIL','',1,0,0,65,21,NULL,0,0,0,0,0,0),(561,3,'Reparti&ccedil;&atilde;o consular','CO_REPARTICAO_CONSULAR','',1,0,8,52,21,NULL,0,0,0,0,0,0),(562,3,'Fun&ccedil;&atilde;o','CO_FUNCAO_CANDIDATO','',1,0,12,62,21,NULL,0,0,0,0,0,0),(563,7,'Descri&ccedil;&atilde;o das atividades','TE_DESCRICAO_ATIVIDADES','',1,0,0,110,21,NULL,0,0,0,0,0,0),(564,2,'Data Requerimento','DT_ABERTURA_PROCESSO_MTE','',0,0,0,20,21,'Processo MTE',20,1,1,0,0,0),(565,6,'N&uacute;mero Processo MTE','NU_PROCESSO_MTE','',0,0,0,10,21,'Processo MTE',20,1,1,1,0,0),(566,6,'N&uacute;mero of&iacute;cio MRE','NU_AUTORIZACAO_MTE','',0,0,0,50,21,'Processo MTE',20,1,1,0,0,0),(567,2,'Data deferimento MTE','DT_AUTORIZACAO_MTE','',0,0,0,60,21,'Processo MTE',20,1,1,0,0,0),(568,2,'Prazo solicitado no MTE','DT_PRAZO_AUTORIZACAO_MTE','',0,0,0,70,21,'Processo MTE',20,1,1,0,0,0),(569,2,'DT_VALIDADE_VISTO','DT_VALIDADE_VISTO','',0,0,0,170,21,NULL,0,1,0,0,0,0),(570,6,'N&uacute;mero of&iacute;cio MRE','NU_VISTO','',0,0,0,60,21,'',0,1,0,0,0,0),(571,2,'DT_EMISSAO_VISTO','DT_EMISSAO_VISTO','',0,0,0,190,21,NULL,0,1,0,0,0,0),(572,6,'NO_LOCAL_EMISSAO_VISTO','NO_LOCAL_EMISSAO_VISTO','',0,0,0,200,21,NULL,0,1,0,0,0,0),(573,3,'CO_NACIONALIDADE_VISTO','CO_NACIONALIDADE_VISTO','',0,0,0,210,21,NULL,0,1,0,0,0,0),(574,6,'N&uacute;mero protocolo CIE','NU_PROTOCOLO_CIE','',0,0,0,10,21,'Registro CIE',30,1,1,0,0,0),(575,2,'Data requerimento','DT_PROTOCOLO_CIE','',0,0,0,20,21,'Registro CIE',30,1,1,0,0,0),(576,2,'Validade do protocolo CIE','DT_VALIDADE_PROTOCOLO_CIE','',0,0,0,30,21,'Registro CIE',30,1,1,0,0,0),(577,2,'DT_VALIDADE_CIE','DT_VALIDADE_CIE','',0,0,0,260,21,NULL,0,1,0,0,0,0),(578,2,'DT_EMISSAO_CIE','DT_EMISSAO_CIE','',0,0,0,270,21,NULL,0,1,0,0,0,0),(579,6,'N&uacute;mero do Protocolo','NU_PROTOCOLO_PRORROGACAO','',0,0,0,5,21,'Prorroga&ccedil;&atilde;o',40,1,1,1,1,0),(580,2,'Data de Requerimento','DT_PROTOCOLO_PRORROGACAO','',0,0,0,10,21,'Prorroga&ccedil;&atilde;o',40,1,1,0,0,0),(581,2,'Validade do Protocolo','DT_VALIDADE_PROTOCOLO_PROR','',0,0,0,20,21,'Prorroga&ccedil;&atilde;o',40,1,1,0,0,0),(582,2,'Prazo Pretendido','DT_PRETENDIDA_PRORROGACAO','',0,0,0,30,21,'Prorroga&ccedil;&atilde;o',40,1,1,0,0,0),(583,2,'Data de Cancelamento','DT_CANCELAMENTO','',0,0,0,10,21,'Cancelamento',50,1,1,0,0,0),(584,6,'N&uacute;mero do Processo','NU_PROCESSO_CANCELAMENTO','',0,0,0,20,21,'Cancelamento',50,1,1,0,0,0),(585,2,'Data de Processo','DT_PROCESSO_CANCELAMENTO','',0,0,0,30,21,'Cancelamento',50,1,1,0,0,0),(586,7,'Observa&ccedil;&otilde;es','TE_OBSERVACOES_PROCESSOS','',0,0,0,10,21,'Observa&ccedil;&otilde;es dos processos',60,1,1,0,0,0),(587,2,'DT_PRAZO_ESTADA_SOLICITADO','DT_PRAZO_ESTADA_SOLICITADO','',0,0,0,360,21,NULL,0,1,0,0,0,0),(588,6,'NU_ARMADOR','NU_ARMADOR','',0,0,0,370,21,NULL,0,1,0,0,0,0),(589,6,'NU_EMISSAO_CIE','NU_EMISSAO_CIE','',0,0,0,380,21,NULL,0,1,0,0,0,0),(590,6,'NO_LOCAL_ENTRADA','NO_LOCAL_ENTRADA','',0,0,0,390,21,NULL,0,1,0,0,0,0),(591,6,'NO_UF_ENTRADA','NO_UF_ENTRADA','',0,0,0,400,21,NULL,0,1,0,0,0,0),(592,2,'DT_ENTRADA','DT_ENTRADA','',0,0,0,410,21,NULL,0,1,0,0,0,0),(593,6,'NU_TRANSPORTE_ENTRADA','NU_TRANSPORTE_ENTRADA','',0,0,0,420,21,NULL,0,1,0,0,0,0),(594,3,'CO_CLASSIFICACAO_VISTO','CO_CLASSIFICACAO_VISTO','',0,0,0,430,21,NULL,0,1,0,0,0,0),(595,7,'Justificativa','DS_JUSTIFICATIVA','',0,0,0,115,21,NULL,0,0,0,0,0,0),(596,6,'Local de trabalho','DS_LOCAL_TRABALHO','',0,0,0,80,21,NULL,0,0,0,0,0,0),(597,7,'Declara&ccedil;&atilde;o de remunera&ccedil;&atilde;o','DS_SALARIO_EXTERIOR','',0,0,0,119,21,NULL,0,0,0,0,0,0),(598,6,'DS_BENEFICIOS_SALARIO','DS_BENEFICIOS_SALARIO','',0,0,0,470,21,NULL,0,1,0,0,0,0),(599,3,'Projeto/Embarca&ccedil;&atilde;o inicial','NU_EMBARCACAO_INICIAL','',1,0,11,60,21,NULL,0,0,0,0,0,0),(600,6,'Embarcado?','CD_EMBARCADO','',0,0,0,57,21,NULL,0,0,0,0,0,0),(601,2,'DT_SITUACAO_SOL','DT_SITUACAO_SOL','',0,0,0,500,21,NULL,0,1,0,0,0,0),(602,6,'NU_SERVICO','NU_SERVICO','',0,0,0,510,21,NULL,0,1,0,0,0,0),(603,2,'DT_CADASTRAMENTO','DT_CADASTRAMENTO','',0,0,0,520,21,NULL,0,1,0,0,0,0),(604,2,'DT_ULT_ALTERACAO','DT_ULT_ALTERACAO','',0,0,0,530,21,NULL,0,1,0,0,0,0),(605,6,'NU_USUARIO_CAD','NU_USUARIO_CAD','',0,0,0,540,21,NULL,0,1,0,0,0,0),(606,6,'ID_AUTORIZACAO_CANDIDATO','ID_AUTORIZACAO_CANDIDATO','',0,0,0,550,21,NULL,0,1,0,0,0,0),(607,12,'id_solicita_visto','id_solicita_visto','',0,1,0,0,21,NULL,0,0,0,0,0,0),(608,1,'NOME_COMPLETO','NOME_COMPLETO','',0,0,0,300,21,NULL,0,0,0,0,0,0),(609,6,'Justificativa da repartiÃ§Ã£o consular','NO_JUSTIFICATIVA_REP_CONS','',0,0,0,53,21,'',0,0,0,0,0,0),(616,6,'Projeto/Embarca&ccedil;&atilde;o','NO_EMBARCACAO_PROJETO','',0,0,0,10,21,'OS',10,1,1,0,0,0),(617,6,'Tipo de visto','NO_REDUZIDO_TIPO_AUTORIZACAO','',0,0,0,30,21,'OS',10,1,1,0,0,0),(618,6,'Fun&ccedil;&atilde;o','NO_FUNCAO','',0,0,0,30,21,'Processo MTE',20,1,1,0,0,0),(619,6,'Reparti&ccedil;&atilde;o Consular','NO_REPARTICAO_CONSULAR','',0,0,0,40,21,'Processo MTE',20,1,1,0,0,0),(620,2,'Prazo Estada Atual','DT_PRAZO_ESTADA','',0,0,0,40,21,'Registro CIE',30,1,1,0,0,0),(621,6,'NU_EMPRESA','NU_EMPRESA','',0,0,0,130,22,NULL,0,1,0,0,0,0),(622,12,'NU_CANDIDATO','NU_CANDIDATO','',0,1,0,20,22,NULL,0,0,0,0,0,0),(623,6,'Solicita&ccedil;&atilde;o','NU_SOLICITACAO','',0,0,0,20,22,'OS',10,1,1,0,0,0),(624,3,'Projeto/Embarca&ccedil;&atilde;o atual','NU_EMBARCACAO_PROJETO','',0,0,11,54,22,NULL,0,0,0,0,0,0),(625,3,'Tipo de visto','CO_TIPO_AUTORIZACAO','',1,0,1,50,22,NULL,0,0,0,0,0,0),(626,6,'Sal&aacute;rio no Brasil em R$','VA_RENUMERACAO_MENSAL','',1,0,0,70,22,NULL,0,0,0,0,0,0),(627,6,'NO_MOEDA_REMUNERACAO_MENSAL','NO_MOEDA_REMUNERACAO_MENSAL','',0,0,0,255,22,NULL,0,1,0,0,0,0),(628,6,'Sal&aacute;rio no exterior em R$','VA_REMUNERACAO_MENSAL_BRASIL','',1,0,0,65,22,NULL,0,0,0,0,0,0),(629,3,'Reparti&ccedil;&atilde;o consular','CO_REPARTICAO_CONSULAR','',1,0,8,52,22,NULL,0,0,0,0,0,0),(630,3,'Fun&ccedil;&atilde;o','CO_FUNCAO_CANDIDATO','',1,0,12,62,22,NULL,0,0,0,0,0,0),(631,7,'Descri&ccedil;&atilde;o das atividades','TE_DESCRICAO_ATIVIDADES','',1,0,0,110,22,NULL,0,0,0,0,0,0),(632,2,'Data Requerimento','DT_ABERTURA_PROCESSO_MTE','',0,0,0,20,22,'Processo MTE',20,0,1,0,0,0),(633,6,'N&uacute;mero Processo MTE','NU_PROCESSO_MTE','',0,0,0,10,22,'Processo MTE',20,0,1,0,0,0),(634,6,'N&uacute;mero of&iacute;cio MRE','NU_AUTORIZACAO_MTE','',0,0,0,50,22,'Processo MTE',20,0,1,0,0,0),(635,2,'Data deferimento MTE','DT_AUTORIZACAO_MTE','',0,0,0,60,22,'Processo MTE',20,0,1,0,0,0),(636,6,'Prazo solicitado no MTE','DT_PRAZO_AUTORIZACAO_MTE','',0,0,0,70,22,'Processo MTE',20,0,1,0,0,0),(637,2,'DT_VALIDADE_VISTO','DT_VALIDADE_VISTO','',0,0,0,170,22,NULL,0,1,0,0,0,0),(638,6,'N&uacute;mero of&iacute;cio MRE','NU_VISTO','',0,0,0,60,22,'',0,1,0,0,0,0),(639,2,'DT_EMISSAO_VISTO','DT_EMISSAO_VISTO','',0,0,0,190,22,NULL,0,1,0,0,0,0),(640,6,'NO_LOCAL_EMISSAO_VISTO','NO_LOCAL_EMISSAO_VISTO','',0,0,0,200,22,NULL,0,1,0,0,0,0),(641,3,'CO_NACIONALIDADE_VISTO','CO_NACIONALIDADE_VISTO','',0,0,0,210,22,NULL,0,1,0,0,0,0),(642,6,'N&uacute;mero protocolo CIE','NU_PROTOCOLO_CIE','',0,0,0,10,22,'Registro CIE',30,0,1,0,0,0),(643,2,'Data requerimento','DT_PROTOCOLO_CIE','',0,0,0,20,22,'Registro CIE',30,0,1,0,0,0),(644,2,'Validade do protocolo CIE','DT_VALIDADE_PROTOCOLO_CIE','',0,0,0,30,22,'Registro CIE',30,0,1,0,0,0),(645,2,'DT_VALIDADE_CIE','DT_VALIDADE_CIE','',0,0,0,260,22,NULL,0,1,0,0,0,0),(646,2,'DT_EMISSAO_CIE','DT_EMISSAO_CIE','',0,0,0,270,22,NULL,0,1,0,0,0,0),(647,6,'N&uacute;mero do Protocolo','NU_PROTOCOLO_PRORROGACAO','',0,0,0,5,22,'Prorroga&ccedil;&atilde;o',40,0,1,0,0,0),(648,2,'Data de Requerimento','DT_PROTOCOLO_PRORROGACAO','',0,0,0,10,22,'Prorroga&ccedil;&atilde;o',40,0,1,0,0,0),(649,2,'Validade do Protocolo','DT_VALIDADE_PROTOCOLO_PROR','',0,0,0,20,22,'Prorroga&ccedil;&atilde;o',40,0,1,0,0,0),(650,2,'Prazo Pretendido','DT_PRETENDIDA_PRORROGACAO','',0,0,0,30,22,'Prorroga&ccedil;&atilde;o',40,0,1,0,0,0),(651,2,'Data de Cancelamento','DT_CANCELAMENTO','',0,0,0,10,22,'Cancelamento',50,0,1,0,0,0),(652,6,'N&uacute;mero do Processo','NU_PROCESSO_CANCELAMENTO','',0,0,0,20,22,'Cancelamento',50,0,1,0,0,0),(653,2,'Data de Processo','DT_PROCESSO_CANCELAMENTO','',0,0,0,30,22,'Cancelamento',50,0,1,0,0,0),(654,7,'TE_OBSERVACOES_PROCESSOS','TE_OBSERVACOES_PROCESSOS','',0,0,0,350,22,NULL,0,1,0,0,0,0),(655,2,'DT_PRAZO_ESTADA_SOLICITADO','DT_PRAZO_ESTADA_SOLICITADO','',0,0,0,360,22,NULL,0,1,0,0,0,0),(656,6,'NU_ARMADOR','NU_ARMADOR','',0,0,0,370,22,NULL,0,1,0,0,0,0),(657,6,'NU_EMISSAO_CIE','NU_EMISSAO_CIE','',0,0,0,380,22,NULL,0,1,0,0,0,0),(658,6,'NO_LOCAL_ENTRADA','NO_LOCAL_ENTRADA','',0,0,0,390,22,NULL,0,1,0,0,0,0),(659,6,'NO_UF_ENTRADA','NO_UF_ENTRADA','',0,0,0,400,22,NULL,0,1,0,0,0,0),(660,2,'DT_ENTRADA','DT_ENTRADA','',0,0,0,410,22,NULL,0,1,0,0,0,0),(661,6,'NU_TRANSPORTE_ENTRADA','NU_TRANSPORTE_ENTRADA','',0,0,0,420,22,NULL,0,1,0,0,0,0),(662,3,'CO_CLASSIFICACAO_VISTO','CO_CLASSIFICACAO_VISTO','',0,0,0,430,22,NULL,0,1,0,0,0,0),(663,7,'Justificativa','DS_JUSTIFICATIVA','',0,0,0,115,22,NULL,0,0,0,0,0,0),(664,6,'Local de trabalho','DS_LOCAL_TRABALHO','',0,0,0,80,22,NULL,0,0,0,0,0,0),(665,7,'Declara&ccedil;&atilde;o de remunera&ccedil;&atilde;o','DS_SALARIO_EXTERIOR','',0,0,0,119,22,NULL,0,0,0,0,0,0),(666,6,'DS_BENEFICIOS_SALARIO','DS_BENEFICIOS_SALARIO','',0,0,0,470,22,NULL,0,1,0,0,0,0),(667,3,'Projeto/Embarca&ccedil;&atilde;o inicial','NU_EMBARCACAO_INICIAL','',1,0,11,60,22,NULL,0,0,0,0,0,0),(668,6,'Embarcado?','CD_EMBARCADO','',0,0,0,57,22,NULL,0,0,0,0,0,0),(669,2,'DT_SITUACAO_SOL','DT_SITUACAO_SOL','',0,0,0,500,22,NULL,0,1,0,0,0,0),(670,6,'NU_SERVICO','NU_SERVICO','',0,0,0,510,22,NULL,0,1,0,0,0,0),(671,2,'DT_CADASTRAMENTO','DT_CADASTRAMENTO','',0,0,0,520,22,NULL,0,1,0,0,0,0),(672,2,'DT_ULT_ALTERACAO','DT_ULT_ALTERACAO','',0,0,0,530,22,NULL,0,1,0,0,0,0),(673,6,'NU_USUARIO_CAD','NU_USUARIO_CAD','',0,0,0,540,22,NULL,0,1,0,0,0,0),(674,6,'ID_AUTORIZACAO_CANDIDATO','ID_AUTORIZACAO_CANDIDATO','',0,0,0,550,22,NULL,0,1,0,0,0,0),(675,12,'id_solicita_visto','id_solicita_visto','',0,1,0,0,22,NULL,0,0,0,0,0,0),(676,1,'NOME_COMPLETO','NOME_COMPLETO','',0,0,0,300,22,NULL,0,0,0,0,0,0),(677,6,'Justificativa da repartiÃ§Ã£o consular','NO_JUSTIFICATIVA_REP_CONS','',0,0,0,53,22,'',0,0,0,0,0,0),(678,6,'Projeto/Embarca&ccedil;&atilde;o','NO_EMBARCACAO_PROJETO','',0,0,0,10,22,'OS',10,1,1,0,0,0),(679,6,'Tipo de visto','NO_TIPO_AUTORIZACAO','',0,0,0,30,22,'OS',10,1,1,0,0,0),(680,3,'Fun&ccedil;&atilde;o','CO_FUNCAO_CANDIDATO','',0,0,12,30,22,'Processo MTE',20,0,1,0,0,0),(681,3,'Reparti&ccedil;&atilde;o Consular','CO_REPARTICAO_CONSULAR','',0,0,8,40,22,'Processo MTE',20,0,1,0,0,0),(682,2,'Prazo Estada Atual','DT_PRAZO_ESTADA','',0,0,0,40,22,'Registro CIE',30,0,1,0,0,0),(683,1,'cd_candidato','cd_candidato',NULL,NULL,1,NULL,1,3,NULL,NULL,0,0,0,0,0),(684,6,'Processo MTE','nu_processo',NULL,NULL,NULL,0,50,18,'Protocolo',10,0,1,1,0,0),(685,2,'Data de Requerimento no MTE','dt_requerimento',NULL,NULL,NULL,0,55,18,'Protocolo',10,0,1,0,0,0),(686,2,'Data de envio para BSB','dt_envio_bsb',NULL,NULL,NULL,0,40,18,'Protocolo',10,0,1,0,0,0),(687,6,'Observa&ccedil;&atilde;o','observacao',NULL,NULL,NULL,0,110,18,'Protocolo',10,0,1,0,0,0),(688,2,'Data de recebimento BSB','dt_recebimento_bsb',NULL,NULL,NULL,0,45,18,'Protocolo',10,0,1,0,0,0),(691,2,'Data de conclusão','dt_deferimento',NULL,NULL,NULL,0,30,18,'Conclus&atilde;o',30,0,1,0,0,0),(692,3,'Resultado','ID_STATUS_CONCLUSAO',NULL,NULL,NULL,21,20,18,'Conclus&atilde;o',30,0,1,0,0,0),(693,6,'Número ofício do MRE','nu_oficio',NULL,NULL,NULL,0,50,18,'Conclus&atilde;o',30,0,1,0,0,0),(694,2,'Data publicação DOU','dt_publicacao_dou',NULL,NULL,NULL,0,40,18,'Conclus&atilde;o',30,0,1,0,0,0),(695,2,'Data &uacute;ltima atual.','dt_ult_atu_andamento',NULL,NULL,0,0,90,17,'Andamento',20,1,1,0,0,0),(696,1,'id_solicita_visto','id_solicita_visto',NULL,NULL,1,0,10,17,'',0,0,0,0,0,0),(697,3,'Situa&ccedil;&atilde;o atual','NO_STATUS_ANDAMENTO',NULL,NULL,0,0,80,17,'Andamento',20,1,1,0,0,0),(698,6,'Processo MTE','nu_processo',NULL,NULL,NULL,0,50,17,'Protocolo',10,1,1,1,0,0),(699,2,'Data de Requerimento no MTE','dt_requerimento',NULL,NULL,NULL,0,55,17,'Protocolo',10,1,1,0,0,0),(700,2,'Data de envio para BSB','dt_envio_bsb',NULL,NULL,NULL,0,40,17,'Protocolo',10,1,1,0,0,0),(701,6,'Observa&ccedil;&atilde;o','observacao',NULL,NULL,NULL,0,110,17,'Protocolo',10,1,1,0,0,0),(702,2,'Data de recebimento BSB','dt_recebimento_bsb',NULL,NULL,NULL,0,45,17,'Protocolo',10,1,1,0,0,0),(703,2,'Data de conclusão','dt_deferimento',NULL,NULL,NULL,0,30,17,'Conclus&atilde;o',30,1,1,0,0,0),(704,3,'Resultado','NO_STATUS_CONCLUSAO',NULL,NULL,NULL,0,20,17,'Conclus&atilde;o',30,1,1,0,0,0),(705,6,'Número ofício do MRE','nu_oficio',NULL,NULL,NULL,0,50,17,'Conclus&atilde;o',30,0,1,0,0,0),(706,2,'Data publicação DOU','dt_publicacao_dou',NULL,NULL,NULL,0,40,17,'Conclus&atilde;o',30,0,1,0,0,0),(710,6,'Justificativa da reparti&ccedil;&atilde;o consular','NO_JUSTIFICATIVA_REP_CONS',NULL,0,0,0,53,14,NULL,NULL,1,1,0,0,0),(711,6,'Observa&ccedil;&atilde;o','de_observacao','',0,0,0,100,21,'OS',10,1,1,0,0,0),(712,6,'Observa&ccedil;&atilde;o','pm_observacao','',0,0,0,80,21,'Processo MTE',20,1,1,0,0,0),(713,6,'Observa&ccedil;&atilde;o','rc_observacao','',0,0,0,50,21,'Registro CIE',30,1,1,0,0,0),(714,6,'Observa&ccedil;&atilde;o','pp_observacao','',0,0,0,40,21,'Prorroga&ccedil;&atilde;o',40,1,1,0,0,0),(715,7,'Observa&ccedil;&atilde;o','de_observacao','',0,0,0,20,23,'',0,0,1,0,0,0),(716,12,'id_solicita_visto','id_solicita_visto',NULL,0,1,0,10,23,'',0,0,0,0,0,0),(717,7,'Observa&ccedil;&atilde;o','de_observacao','',0,0,0,20,24,'',0,1,1,0,0,0),(719,12,'id_solicita_visto','id_solicita_visto','',0,1,0,10,24,'',0,0,0,0,0,0),(721,6,'Empresa requerente','NO_RAZAO_SOCIAL_REQUERENTE ',NULL,0,0,0,40,16,'',0,1,1,0,0,0),(722,6,'Empresa','NO_RAZAO_SOCIAL','',0,0,0,5,19,NULL,0,1,1,0,0,0),(723,6,'Embarca&ccedil;&atilde;o/Projeto','NO_EMBARCACAO_PROJETO','',0,0,0,7,19,NULL,0,1,1,0,0,0),(724,3,'Empresa','NU_EMPRESA','',0,0,10,10,1,'Empresa e embarca&ccedil;&atilde;o/projeto <b>ATUAIS</b>',5,0,1,0,0,0),(725,3,'Embarca&ccedil;&atilde;o/Projeto','NU_EMBARCACAO_PROJETO','',0,0,11,20,1,'Empresa e embarca&ccedil;&atilde;o/projeto <b>ATUAIS</b>',5,0,1,0,0,0),(726,1,'CD_CANDIDATO','cd_candidato','',0,1,0,3,19,NULL,0,0,0,0,0,0),(727,7,'Observa&ccedil;&otilde;es','TE_OBSERVACOES_PROCESSOS',NULL,0,0,0,10,22,'Observa&ccedil;&otilde;es dos processos',60,0,1,0,0,0),(728,6,'id_solicita_visto','id_solicita_visto',NULL,0,1,0,10,26,'Controle de qualidade',10,0,0,0,0,0),(729,13,'Os serviços constantes na OS foram satisfatoriamente concluídos?','fl_conclusao_conforme',NULL,0,0,0,20,26,'Controle de qualidade',10,0,1,0,0,0),(730,6,'Responsável','cd_usuario_qualidade',NULL,0,0,0,30,26,'Controle de qualidade',10,1,0,0,0,0),(731,6,'Responsável','nm_usuario_qualidade',NULL,0,0,0,30,26,'Controle de qualidade',10,1,1,0,0,0),(732,6,'id_solicita_visto','id_solicita_visto',NULL,0,1,0,10,25,'Liberação de serviço',10,0,0,0,0,0),(733,2,'Data liberação','dt_liberacao',NULL,0,0,0,30,25,'Liberação de serviço',10,0,1,0,0,0),(734,13,'Serviço liberado?','fl_liberado',NULL,0,0,0,20,25,'Liberação de serviço',10,0,1,0,0,0),(736,6,'Responsável','cd_usuario_liberacao',NULL,0,0,0,70,25,'Liberação de serviço',10,1,0,0,0,0),(737,6,'Responsável','nm_usuario_liberacao',NULL,0,0,0,80,25,'Liberação de serviço',10,1,1,0,0,0),(738,7,'Comentários','de_comentarios_liberacao',NULL,0,0,19,60,25,'Liberação de serviço',10,0,1,0,0,1),(739,3,'id_tipo_campo','id_tipo_campo','',0,0,24,20,27,NULL,NULL,0,1,0,0,0),(740,6,'no_label','no_label','',0,0,0,30,27,NULL,NULL,0,1,0,0,0),(741,6,'no_campo_bd','no_campo_bd','',0,0,0,40,27,NULL,NULL,0,1,0,0,0),(742,6,'no_classe','no_classe','',0,0,0,50,27,NULL,NULL,0,1,0,0,0),(743,6,'bo_obrigatorio','bo_obrigatorio','',0,0,0,60,27,NULL,NULL,0,1,0,0,0),(744,6,'bo_chave','bo_chave','',0,0,0,70,27,NULL,NULL,0,1,0,0,0),(745,3,'id_tipo_combo','id_tipo_combo','',0,0,23,80,27,NULL,NULL,0,1,0,0,0),(746,6,'nu_ordem','nu_ordem','',0,0,0,90,27,NULL,NULL,0,1,0,0,0),(747,6,'id_edicao','id_edicao','',0,0,0,100,27,NULL,NULL,0,1,0,0,0),(748,6,'no_painel','no_painel','',0,0,0,110,27,NULL,NULL,0,1,0,0,0),(749,6,'nu_ordem_painel','nu_ordem_painel','',0,0,0,120,27,NULL,NULL,0,1,0,0,0),(750,6,'bo_readonly','bo_readonly','',0,0,0,130,27,NULL,NULL,0,1,0,0,0),(751,6,'bo_exibir','bo_exibir','',0,0,0,140,27,NULL,NULL,0,1,0,0,0),(752,6,'fl_link_mte','fl_link_mte','',0,0,0,150,27,NULL,NULL,0,1,0,0,0),(753,6,'fl_link_mj','fl_link_mj','',0,0,0,160,27,NULL,NULL,0,1,0,0,0),(754,6,'fl_largura_dupla','fl_largura_dupla','',0,0,0,170,27,NULL,NULL,0,1,0,0,0),(755,12,'id_campo','id_campo','',0,1,0,10,27,NULL,NULL,0,0,0,0,0),(756,1,'codigo','codigo',NULL,NULL,1,NULL,1,19,NULL,0,0,0,0,0,0),(761,1,'id_solicita_visto','id_solicita_visto',NULL,NULL,NULL,NULL,NULL,31,NULL,NULL,0,0,0,0,0),(762,1,'id_solicita_visto','id_solicita_visto',NULL,NULL,NULL,NULL,NULL,32,NULL,NULL,0,0,0,0,0),(763,1,'NU_CANDIDATO','NU_CANDIDATO',NULL,NULL,NULL,NULL,NULL,32,NULL,NULL,0,0,0,0,0),(764,1,'id_solicita_visto','id_solicita_visto',NULL,NULL,1,NULL,0,33,NULL,NULL,0,1,0,0,0),(765,1,'id_solicita_visto','id_solicita_visto',NULL,NULL,1,NULL,0,34,NULL,NULL,0,1,0,0,0),(766,1,'id_solicita_visto','id_solicita_visto',NULL,NULL,1,NULL,0,35,NULL,NULL,0,1,0,0,0),(767,6,'Candidato','NOME_COMPLETO',NULL,NULL,0,NULL,10,33,NULL,NULL,1,1,0,0,0),(768,6,'CPF','NU_CPF',NULL,NULL,0,NULL,20,33,NULL,NULL,0,1,0,0,0),(769,6,'Candidato','NOME_COMPLETO',NULL,NULL,0,NULL,10,34,NULL,NULL,1,1,0,0,0),(770,6,'CNH','NU_CNH',NULL,NULL,0,NULL,20,34,NULL,NULL,0,1,0,0,0),(771,2,'Data de expiração','DT_EXPIRACAO_CNH',NULL,NULL,0,NULL,30,34,NULL,NULL,0,1,0,0,0),(772,6,'Candidato','NOME_COMPLETO',NULL,NULL,0,NULL,10,35,NULL,NULL,1,1,0,0,0),(773,6,'CTPS','NU_CTPS',NULL,NULL,0,NULL,20,35,NULL,NULL,0,1,0,0,0),(774,2,'Data de expiração','DT_EXPIRACAO_CTPS',NULL,NULL,0,NULL,30,35,NULL,NULL,0,1,0,0,0),(775,1,'codigo_mte','codigo_mte',NULL,NULL,0,NULL,100,21,NULL,NULL,0,1,0,0,0),(776,1,'codigo_prorrog','codigo_prorrog',NULL,NULL,0,NULL,100,21,NULL,NULL,0,1,0,0,0),(777,1,'codigo_regcie','codigo_regcie',NULL,NULL,0,NULL,100,21,NULL,NULL,0,1,0,0,0),(778,1,'codigo_canc','codigo_canc',NULL,NULL,0,NULL,100,21,NULL,NULL,0,1,0,0,0),(779,1,'codigo_mte','codigo_mte',NULL,NULL,0,NULL,100,22,NULL,NULL,0,1,0,0,0),(780,1,'codigo_prorrog','codigo_prorrog',NULL,NULL,0,NULL,100,22,NULL,NULL,0,1,0,0,0),(781,1,'codigo_regcie','codigo_regcie',NULL,NULL,0,NULL,100,22,NULL,NULL,0,1,0,0,0),(782,1,'codigo_canc','codigo_canc',NULL,NULL,0,NULL,100,22,NULL,NULL,0,1,0,0,0),(783,1,'NU_CANDIDATO','NU_CANDIDATO',NULL,NULL,NULL,NULL,0,33,NULL,NULL,0,1,0,0,0),(784,1,'NU_CANDIDATO','NU_CANDIDATO',NULL,NULL,NULL,NULL,0,34,NULL,NULL,0,1,0,0,0),(785,1,'NU_CANDIDATO','NU_CANDIDATO',NULL,NULL,NULL,NULL,0,35,NULL,NULL,0,1,0,0,0),(788,6,'Observação','observacao',NULL,0,0,NULL,90,19,NULL,0,1,1,0,0,1),(789,9,'É o processo atual?','fl_visto_atual',NULL,NULL,0,NULL,85,19,NULL,0,1,0,0,0,0),(790,1,'codigo_processo_mte','codigo_processo_mte',NULL,NULL,0,NULL,40,7,NULL,0,0,0,0,0,0),(791,1,'codigo_processo_mte','codigo_processo_mte',NULL,NULL,0,NULL,4,8,NULL,NULL,0,0,0,0,0),(792,1,'codigo_processo_mte','codigo_processo_mte',NULL,NULL,0,NULL,4,10,NULL,NULL,0,0,0,0,0),(793,1,'codigo_processo_mte','codigo_processo_mte',NULL,NULL,0,NULL,4,12,NULL,NULL,0,0,0,0,0),(794,1,'codigo_processo_mte','codigo_processo_mte',NULL,NULL,0,NULL,4,3,NULL,NULL,0,0,0,0,0),(796,1,'codigo','codigo',NULL,NULL,1,NULL,1,4,NULL,NULL,0,1,0,0,0),(797,1,'codigo','codigo',NULL,NULL,NULL,NULL,1,3,NULL,NULL,0,0,0,0,0),(798,6,'Prazo solicitado','prazo_solicitado',NULL,NULL,0,0,57,36,NULL,NULL,0,1,0,0,0),(799,3,'Empresa','NU_EMPRESA',NULL,NULL,0,10,5,36,NULL,NULL,0,1,0,0,0),(800,2,'Data requerimento','dt_requerimento',NULL,NULL,0,0,20,36,NULL,NULL,0,1,0,0,0),(801,2,'DT_SITUACAO_SOL','DT_SITUACAO_SOL',NULL,NULL,0,0,210,36,NULL,NULL,0,0,0,0,0),(802,1,'id_solicita_visto','id_solicita_visto',NULL,NULL,1,0,1,36,NULL,NULL,0,0,0,0,0),(803,2,'Data deferimento MTE','dt_deferimento',NULL,NULL,0,0,56,36,NULL,NULL,0,1,0,0,0),(804,6,'Número','NU_SOLICITACAO',NULL,NULL,0,0,2,36,NULL,NULL,0,0,0,0,0),(805,6,'cd_admin_cad','cd_admin_cad',NULL,NULL,0,0,230,36,NULL,NULL,0,0,0,0,0),(806,6,'ID_STATUS_SOL','ID_STATUS_SOL',NULL,NULL,0,0,240,36,NULL,NULL,0,0,0,0,0),(807,3,'Reparti&ccedil;&atilde;o','cd_reparticao',NULL,NULL,0,8,50,36,NULL,NULL,0,1,0,0,0),(808,6,'Projeto/Embarcação','NO_EMBARCACAO_PROJETO',NULL,NULL,0,0,25,36,NULL,NULL,0,0,0,0,0),(809,3,'Serviço','nu_servico',NULL,NULL,0,3,55,36,NULL,NULL,0,0,0,0,0),(810,6,'Responsável','NO_USUARIO_TECNICO',NULL,NULL,0,0,65,36,NULL,NULL,0,0,0,0,0),(811,6,'N&uacute;mero do processo','nu_processo',NULL,NULL,0,0,10,36,NULL,NULL,0,1,0,0,0),(812,3,'Fun&ccedil;&atilde;o','cd_funcao',NULL,NULL,0,12,40,36,NULL,NULL,0,1,0,0,0),(813,9,'Não conformidade?','fl_nao_conformidade',NULL,NULL,0,0,100,36,NULL,NULL,0,0,0,0,0),(814,6,'Data cadastro','dt_cadastro',NULL,NULL,0,0,80,36,NULL,NULL,1,0,0,0,0),(815,6,'Usuário cadastro','NO_USUARIO_CADASTRO',NULL,NULL,0,0,70,36,NULL,NULL,1,0,0,0,0),(816,6,'N&uacute;mero MRE','nu_oficio',NULL,NULL,0,0,52,36,NULL,NULL,0,1,0,0,0),(818,6,'Quantidade de formularios','NU_FORMULARIOS',NULL,NULL,0,0,560,36,NULL,NULL,1,0,0,0,0),(820,3,'Embarca&ccedil;&atilde;o/Projeto','NU_EMBARCACAO_PROJETO',NULL,NULL,0,11,7,36,NULL,NULL,0,1,0,0,0),(821,1,'CD_CANDIDATO','cd_candidato',NULL,NULL,1,0,3,36,NULL,NULL,0,0,0,0,0),(822,1,'codigo','codigo',NULL,NULL,1,NULL,1,36,NULL,NULL,0,0,0,0,0),(823,7,'Observação','observacao',NULL,NULL,0,NULL,90,36,NULL,NULL,0,1,0,0,1),(824,9,'Incluir como o visto atual?','fl_visto_atual',NULL,NULL,0,NULL,85,36,NULL,NULL,0,0,0,0,0),(830,7,'Observações dos processos','observacao_visto',NULL,NULL,0,NULL,100,19,NULL,0,1,0,0,0,1),(831,7,'Observações dos processos','observacao_visto',NULL,NULL,0,NULL,100,36,NULL,0,0,0,0,0,1),(832,12,'NU_CANDIDATO','NU_CANDIDATO','',0,1,0,10,37,'Dados Pessoais',10,0,0,0,0,0),(833,6,'Primeiro nome','NO_PRIMEIRO_NOME','',1,0,0,20,37,'Dados Pessoais',10,0,1,0,0,0),(834,6,'Nome do meio','NO_NOME_MEIO','',0,0,0,30,37,'Dados Pessoais',10,0,1,0,0,0),(835,6,'Último nome','NO_ULTIMO_NOME','',1,0,0,40,37,'Dados Pessoais',10,0,1,0,0,0),(836,6,'Email','NO_EMAIL_CANDIDATO','',1,0,0,60,37,'Dados Pessoais',10,0,1,0,0,0),(837,6,'Endereço','NO_ENDERECO_RESIDENCIA','',1,0,0,75,37,'Endereço no Brasil',20,0,1,0,0,0),(838,6,'Cidade','NO_CIDADE_RESIDENCIA','',0,0,0,80,37,'Endereço no Brasil',20,0,1,0,0,0),(839,6,'Telefone','NU_TELEFONE_CANDIDATO','',0,0,0,100,37,'Endereço no Brasil',20,0,1,0,0,0),(840,6,'Nome da empresa no exterior','NO_EMPRESA_ESTRANGEIRA','',0,0,0,110,37,'Endereço no Exterior',30,0,1,0,0,0),(841,6,'Endereço da empresa','NO_ENDERECO_EMPRESA','',0,0,0,120,37,'Endereço no Exterior',30,0,1,0,0,0),(842,6,'Cidade da empresa','NO_CIDADE_EMPRESA','',0,0,0,130,37,'Endereço no Exterior',30,0,1,0,0,0),(843,3,'País da empresa','CO_PAIS_EMPRESA','',0,0,6,140,37,'Endereço no Exterior',30,0,1,0,0,0),(844,6,'Telefone da empresa','NU_TELEFONE_EMPRESA','',0,0,0,150,37,'Endereço no Exterior',30,0,1,0,0,0),(845,6,'Nome do pai','NO_PAI','',1,0,0,67,37,'Dados Pessoais',10,0,1,0,0,0),(846,6,'Nome da mãe','NO_MAE','',1,0,0,68,37,'Dados Pessoais',10,0,1,0,0,0),(847,3,'Nacionalidade','CO_NACIONALIDADE','',1,0,5,180,37,'Dados Pessoais',10,0,1,0,0,0),(848,3,'Escolaridade','CO_NIVEL_ESCOLARIDADE','',1,0,7,190,37,'Dados Pessoais',10,0,1,0,0,0),(849,3,'Estado Civil','CO_ESTADO_CIVIL','',1,0,2,69,37,'Dados Pessoais',10,0,1,0,0,0),(850,3,'Sexo','CO_SEXO','',1,0,16,70,37,'Dados Pessoais',10,0,1,0,0,0),(851,2,'Data de nascimento','DT_NASCIMENTO','',1,0,0,170,37,'Dados Pessoais',10,0,1,0,0,0),(852,6,'Local de nascimento','NO_LOCAL_NASCIMENTO','',0,0,0,175,37,'Dados Pessoais',10,0,1,0,0,0),(853,6,'Número do passaporte','NU_PASSAPORTE','',1,0,0,240,37,'Dados do passaporte',40,0,1,0,0,0),(854,2,'Data de emissão','DT_EMISSAO_PASSAPORTE','',1,0,0,250,37,'Dados do passaporte',40,0,1,0,0,0),(855,2,'Data de validade','DT_VALIDADE_PASSAPORTE','',1,0,0,260,37,'Dados do passaporte',40,0,1,0,0,0),(856,3,'País emissor','CO_PAIS_EMISSOR_PASSAPORTE','',1,0,6,270,37,'Dados do passaporte',40,0,1,0,0,0),(857,6,'RNE','NU_RNE','',0,0,0,280,37,'Dados do passaporte',40,0,1,0,0,0),(858,3,'Profissão','CO_PROFISSAO_CANDIDATO','',1,0,9,65,37,'Dados Pessoais',10,0,1,0,0,0),(859,7,'Experiência profissional','TE_TRABALHO_ANTERIOR_BRASIL','',0,0,0,300,37,'Dados Pessoais',10,0,1,0,0,1),(860,6,'CPF','NU_CPF','',0,0,0,50,37,'Dados Pessoais',10,0,1,0,0,0),(861,2,'Data inclusão','DT_CADASTRAMENTO','',0,0,0,320,37,'Cadastro',50,1,0,0,0,0),(862,6,'Usuário inclusão','nome_cad','',0,0,0,330,37,'Cadastro',50,1,0,0,0,0),(863,2,'Data última alteração','DT_ULT_ALTERACAO','',0,0,0,340,37,'Cadastro',50,1,0,0,0,0),(864,6,'Usuário alteração','nome_alt','',0,0,0,350,37,'Cadastro',50,1,0,0,0,0),(865,6,'Endereço do candidato','NO_ENDERECO_ESTRANGEIRO','',0,0,0,360,37,'Endereço no Exterior',30,0,1,0,0,0),(866,6,'Cidade do candidato','NO_CIDADE_ESTRANGEIRO','',0,0,0,370,37,'Endereço no Exterior',30,0,1,0,0,0),(867,3,'País do candidato','CO_PAIS_ESTRANGEIRO','',1,0,6,380,37,'Endereço no Exterior',30,0,1,0,0,0),(868,6,'Telefone do candidato','NU_TELEFONE_ESTRANGEIRO','',0,0,0,390,37,'Endereço no Exterior',30,0,1,0,0,0),(869,3,'Empresa','NU_EMPRESA','',0,0,10,10,37,'Empresa e embarca&ccedil;&atilde;o/projeto <b>ATUAIS</b>',5,0,1,0,0,0),(870,3,'Embarca&ccedil;&atilde;o/Projeto','NU_EMBARCACAO_PROJETO','',0,0,11,20,37,'Empresa e embarca&ccedil;&atilde;o/projeto <b>ATUAIS</b>',5,0,1,0,0,0),(895,1,'codigo','codigo',NULL,NULL,1,NULL,10,38,NULL,NULL,0,0,0,0,0),(896,7,'Observações','observacao_visto',NULL,NULL,NULL,NULL,20,38,NULL,NULL,0,1,0,0,1),(897,2,'Data publicação DOU','dt_publicacao_dou','',0,0,NULL,73,7,'',0,0,1,0,0,0),(898,3,'Status','ID_STATUS_CONCLUSAO','',0,0,21,77,7,'',0,0,1,0,0,0),(899,6,'Status','NO_STATUS_CONCLUSAO','',0,0,0,77,20,'',0,1,1,0,0,0),(900,2,'Data publicação DOU','dt_publicacao_dou','',0,0,NULL,73,20,'',0,1,1,0,0,0),(901,3,'Processo MTE','codigo_processo_mte','',0,0,25,10,39,'',0,0,1,0,0,0),(902,1,'codigo','codigo','',0,1,0,1,39,'',0,0,1,0,0,0),(903,1,'tipo','tipo','',0,0,0,5,39,'',0,0,1,0,0,0),(904,1,'cd_candidato','cd_candidato','',0,0,0,7,39,'',0,0,1,0,0,0),(905,1,'codigo_processo_prorrog','codigo_processo_prorrog','',0,0,0,1,8,'',0,0,1,0,0,0),(906,1,'nu_servico','nu_servico','',0,0,0,10,3,'',0,0,1,0,0,0),(907,1,'nu_servico','nu_servico','',0,0,0,10,7,'',0,0,1,0,0,0),(908,1,'nu_servico','nu_servico','',0,0,0,10,10,'',0,0,1,0,0,0),(909,1,'nu_servico','nu_servico','',0,0,0,10,12,'',0,0,1,0,0,0),(910,1,'nu_servico','nu_servico','',0,0,NULL,75,8,'',0,0,1,0,0,0),(912,1,'nu_servico','nu_servico','',0,0,0,10,4,'',0,0,1,0,0,0),(913,1,'nu_servico','nu_servico','',0,0,0,10,9,'',0,0,1,0,0,0),(914,1,'nu_servico','nu_servico','',0,0,0,10,11,'',0,0,1,0,0,0),(915,1,'nu_servico','nu_servico','',0,0,0,10,13,'',0,0,1,0,0,0),(916,1,'nu_servico','nu_servico','',0,0,0,10,20,'',0,0,1,0,0,0),(917,1,'NU_CANDIDATO','NU_CANDIDATO','',0,0,0,10,40,'',0,0,1,0,0,0);
/*!40000 ALTER TABLE `Campo` ENABLE KEYS */;
UNLOCK TABLES;
/*!40103 SET TIME_ZONE=@OLD_TIME_ZONE */;

/*!40101 SET SQL_MODE=@OLD_SQL_MODE */;
/*!40014 SET FOREIGN_KEY_CHECKS=@OLD_FOREIGN_KEY_CHECKS */;
/*!40014 SET UNIQUE_CHECKS=@OLD_UNIQUE_CHECKS */;
/*!40101 SET CHARACTER_SET_CLIENT=@OLD_CHARACTER_SET_CLIENT */;
/*!40101 SET CHARACTER_SET_RESULTS=@OLD_CHARACTER_SET_RESULTS */;
/*!40101 SET COLLATION_CONNECTION=@OLD_COLLATION_CONNECTION */;
/*!40111 SET SQL_NOTES=@OLD_SQL_NOTES */;

-- Dump completed on 2011-05-30 20:21:21
